blockN,run,div,trial_key,stim_pos,noise_pos,valence,valence_disp,target_pos,target_file,disp_div,anchor,img1_file,img2_file
1,1,0.0,0,0.1,0.0,pen,pen_rew,-0.38,stims/white_pngs/Shape_0.10_0.00.png,0.0,-0.10146769258382538,stims/white_pngs/Shape_0.00_0.00.png,stims/white_pngs/Shape_4.00_0.00.png
1,1,0.0,1,0.1,4.0,pen,rew_pen,0.38,stims/white_pngs/Shape_0.10_4.00.png,0.0,0.22474589065687933,stims/white_pngs/Shape_4.00_4.00.png,stims/white_pngs/Shape_0.00_4.00.png
1,1,0.0,2,0.3,0.0,pen,pen_rew,-0.34,stims/white_pngs/Shape_0.30_0.00.png,0.0,-0.12968341223047225,stims/white_pngs/Shape_0.00_0.00.png,stims/white_pngs/Shape_4.00_0.00.png
1,1,0.0,3,0.3,4.0,pen,rew_pen,0.34,stims/white_pngs/Shape_0.30_4.00.png,0.0,0.12192611511852136,stims/white_pngs/Shape_4.00_4.00.png,stims/white_pngs/Shape_0.00_4.00.png
1,1,0.0,4,0.5,0.0,pen,pen_rew,-0.30000000000000004,stims/white_pngs/Shape_0.50_0.00.png,0.0,-0.18874659005661754,stims/white_pngs/Shape_0.00_0.00.png,stims/white_pngs/Shape_4.00_0.00.png
1,1,0.0,5,0.5,4.0,pen,rew_pen,0.30000000000000004,stims/white_pngs/Shape_0.50_4.00.png,0.0,0.11734348242441928,stims/white_pngs/Shape_4.00_4.00.png,stims/white_pngs/Shape_0.00_4.00.png
1,1,0.0,6,0.7,0.0,pen,pen_rew,-0.26,stims/white_pngs/Shape_0.70_0.00.png,0.0,-0.11833290912002231,stims/white_pngs/Shape_0.00_0.00.png,stims/white_pngs/Shape_4.00_0.00.png
1,1,0.0,7,0.7,4.0,pen,rew_pen,0.26,stims/white_pngs/Shape_0.70_4.00.png,0.0,0.39512705778412627,stims/white_pngs/Shape_4.00_4.00.png,stims/white_pngs/Shape_0.00_4.00.png
1,1,0.0,8,0.9,0.0,pen,pen_rew,-0.22000000000000003,stims/white_pngs/Shape_0.90_0.00.png,0.0,-0.3233514239339617,stims/white_pngs/Shape_0.00_0.00.png,stims/white_pngs/Shape_4.00_0.00.png
1,1,0.0,9,0.9,4.0,pen,rew_pen,0.22000000000000003,stims/white_pngs/Shape_0.90_4.00.png,0.0,-0.014160071622228543,stims/white_pngs/Shape_4.00_4.00.png,stims/white_pngs/Shape_0.00_4.00.png
1,1,0.0,10,1.1,0.0,pen,pen_rew,-0.18,stims/white_pngs/Shape_1.10_0.00.png,0.0,-0.029311976805896145,stims/white_pngs/Shape_0.00_0.00.png,stims/white_pngs/Shape_4.00_0.00.png
1,1,0.0,11,1.1,4.0,pen,rew_pen,0.18,stims/white_pngs/Shape_1.10_4.00.png,0.0,0.37144476808919646,stims/white_pngs/Shape_4.00_4.00.png,stims/white_pngs/Shape_0.00_4.00.png
1,1,0.0,12,1.3,0.0,pen,pen_rew,-0.13999999999999999,stims/white_pngs/Shape_1.30_0.00.png,0.0,0.1090400207460569,stims/white_pngs/Shape_0.00_0.00.png,stims/white_pngs/Shape_4.00_0.00.png
1,1,0.0,13,1.3,4.0,pen,rew_pen,0.13999999999999999,stims/white_pngs/Shape_1.30_4.00.png,0.0,-0.15037438980859852,stims/white_pngs/Shape_4.00_4.00.png,stims/white_pngs/Shape_0.00_4.00.png
1,1,0.0,14,1.5,0.0,pen,pen_rew,-0.1,stims/white_pngs/Shape_1.50_0.00.png,0.0,-0.25966035285919165,stims/white_pngs/Shape_0.00_0.00.png,stims/white_pngs/Shape_4.00_0.00.png
1,1,0.0,15,1.5,4.0,pen,rew_pen,0.1,stims/white_pngs/Shape_1.50_4.00.png,0.0,0.20149155486568238,stims/white_pngs/Shape_4.00_4.00.png,stims/white_pngs/Shape_0.00_4.00.png
1,1,0.0,16,1.7,0.0,pen,pen_rew,-0.06000000000000001,stims/white_pngs/Shape_1.70_0.00.png,0.0,-0.19162256184349158,stims/white_pngs/Shape_0.00_0.00.png,stims/white_pngs/Shape_4.00_0.00.png
1,1,0.0,17,1.7,4.0,pen,rew_pen,0.06000000000000001,stims/white_pngs/Shape_1.70_4.00.png,0.0,-0.091962873009929,stims/white_pngs/Shape_4.00_4.00.png,stims/white_pngs/Shape_0.00_4.00.png
1,1,0.0,18,1.9,0.0,pen,pen_rew,-0.020000000000000018,stims/white_pngs/Shape_1.90_0.00.png,0.0,-0.2836745595336891,stims/white_pngs/Shape_0.00_0.00.png,stims/white_pngs/Shape_4.00_0.00.png
1,1,0.0,19,1.9,4.0,pen,rew_pen,0.020000000000000018,stims/white_pngs/Shape_1.90_4.00.png,0.0,-0.22839879208449965,stims/white_pngs/Shape_4.00_4.00.png,stims/white_pngs/Shape_0.00_4.00.png
1,1,0.0,20,2.1,0.0,rew,pen_rew,0.020000000000000018,stims/white_pngs/Shape_2.10_0.00.png,0.0,0.14498728465979327,stims/white_pngs/Shape_0.00_0.00.png,stims/white_pngs/Shape_4.00_0.00.png
1,1,0.0,21,2.1,4.0,rew,rew_pen,-0.020000000000000018,stims/white_pngs/Shape_2.10_4.00.png,0.0,0.24943260400377754,stims/white_pngs/Shape_4.00_4.00.png,stims/white_pngs/Shape_0.00_4.00.png
1,1,0.0,22,2.3,0.0,rew,pen_rew,0.05999999999999997,stims/white_pngs/Shape_2.30_0.00.png,0.0,0.1747819213590145,stims/white_pngs/Shape_0.00_0.00.png,stims/white_pngs/Shape_4.00_0.00.png
1,1,0.0,23,2.3,4.0,rew,rew_pen,-0.05999999999999997,stims/white_pngs/Shape_2.30_4.00.png,0.0,0.11538697450991697,stims/white_pngs/Shape_4.00_4.00.png,stims/white_pngs/Shape_0.00_4.00.png
1,1,0.0,24,2.5,0.0,rew,pen_rew,0.1,stims/white_pngs/Shape_2.50_0.00.png,0.0,0.39737450146007924,stims/white_pngs/Shape_0.00_0.00.png,stims/white_pngs/Shape_4.00_0.00.png
1,1,0.0,25,2.5,4.0,rew,rew_pen,-0.1,stims/white_pngs/Shape_2.50_4.00.png,0.0,0.0926605696299122,stims/white_pngs/Shape_4.00_4.00.png,stims/white_pngs/Shape_0.00_4.00.png
1,1,0.0,26,2.7,0.0,rew,pen_rew,0.14000000000000004,stims/white_pngs/Shape_2.70_0.00.png,0.0,0.27058783074350445,stims/white_pngs/Shape_0.00_0.00.png,stims/white_pngs/Shape_4.00_0.00.png
1,1,0.0,27,2.7,4.0,rew,rew_pen,-0.14000000000000004,stims/white_pngs/Shape_2.70_4.00.png,0.0,-0.3387470996577688,stims/white_pngs/Shape_4.00_4.00.png,stims/white_pngs/Shape_0.00_4.00.png
1,1,0.0,28,2.9,0.0,rew,pen_rew,0.18,stims/white_pngs/Shape_2.90_0.00.png,0.0,0.3545507657749659,stims/white_pngs/Shape_0.00_0.00.png,stims/white_pngs/Shape_4.00_0.00.png
1,1,0.0,29,2.9,4.0,rew,rew_pen,-0.18,stims/white_pngs/Shape_2.90_4.00.png,0.0,0.03452156545566998,stims/white_pngs/Shape_4.00_4.00.png,stims/white_pngs/Shape_0.00_4.00.png
1,1,0.0,30,3.1,0.0,rew,pen_rew,0.22000000000000003,stims/white_pngs/Shape_3.10_0.00.png,0.0,0.39651789540120663,stims/white_pngs/Shape_0.00_0.00.png,stims/white_pngs/Shape_4.00_0.00.png
1,1,0.0,31,3.1,4.0,rew,rew_pen,-0.22000000000000003,stims/white_pngs/Shape_3.10_4.00.png,0.0,-0.027741650786428262,stims/white_pngs/Shape_4.00_4.00.png,stims/white_pngs/Shape_0.00_4.00.png
1,1,0.0,32,3.3,0.0,rew,pen_rew,0.25999999999999995,stims/white_pngs/Shape_3.30_0.00.png,0.0,0.08300055955165347,stims/white_pngs/Shape_0.00_0.00.png,stims/white_pngs/Shape_4.00_0.00.png
1,1,0.0,33,3.3,4.0,rew,rew_pen,-0.25999999999999995,stims/white_pngs/Shape_3.30_4.00.png,0.0,-0.07201343289331819,stims/white_pngs/Shape_4.00_4.00.png,stims/white_pngs/Shape_0.00_4.00.png
1,1,0.0,34,3.5,0.0,rew,pen_rew,0.30000000000000004,stims/white_pngs/Shape_3.50_0.00.png,0.0,0.07625208958837176,stims/white_pngs/Shape_0.00_0.00.png,stims/white_pngs/Shape_4.00_0.00.png
1,1,0.0,35,3.5,4.0,rew,rew_pen,-0.30000000000000004,stims/white_pngs/Shape_3.50_4.00.png,0.0,-0.060006047761761216,stims/white_pngs/Shape_4.00_4.00.png,stims/white_pngs/Shape_0.00_4.00.png
1,1,0.0,36,3.7,0.0,rew,pen_rew,0.3400000000000001,stims/white_pngs/Shape_3.70_0.00.png,0.0,0.12930696257395413,stims/white_pngs/Shape_0.00_0.00.png,stims/white_pngs/Shape_4.00_0.00.png
1,1,0.0,37,3.7,4.0,rew,rew_pen,-0.3400000000000001,stims/white_pngs/Shape_3.70_4.00.png,0.0,-0.14515738308325182,stims/white_pngs/Shape_4.00_4.00.png,stims/white_pngs/Shape_0.00_4.00.png
1,1,0.0,38,3.9,0.0,rew,pen_rew,0.38,stims/white_pngs/Shape_3.90_0.00.png,0.0,0.21115160055366144,stims/white_pngs/Shape_0.00_0.00.png,stims/white_pngs/Shape_4.00_0.00.png
1,1,0.0,39,3.9,4.0,rew,rew_pen,-0.38,stims/white_pngs/Shape_3.90_4.00.png,0.0,-0.1980071735636303,stims/white_pngs/Shape_4.00_4.00.png,stims/white_pngs/Shape_0.00_4.00.png
2,1,-0.2,40,0.1,0.0,pen,pen_rew,-0.38,stims/white_pngs/Shape_0.10_0.00.png,-0.2,-0.17678773862613373,stims/white_pngs/Shape_0.00_0.00.png,stims/white_pngs/Shape_4.00_0.00.png
2,1,-0.2,41,0.1,4.0,pen,rew_pen,0.38,stims/white_pngs/Shape_0.10_4.00.png,0.2,0.26712132406725353,stims/white_pngs/Shape_4.00_4.00.png,stims/white_pngs/Shape_0.00_4.00.png
2,1,-0.2,42,0.1,0.0,pen,pen_rew,-0.38,stims/white_pngs/Shape_0.10_0.00.png,-0.2,-0.18492130693549733,stims/white_pngs/Shape_0.00_0.00.png,stims/white_pngs/Shape_4.00_0.00.png
2,1,-0.2,43,0.1,4.0,pen,rew_pen,0.38,stims/white_pngs/Shape_0.10_4.00.png,0.2,0.2641461488298461,stims/white_pngs/Shape_4.00_4.00.png,stims/white_pngs/Shape_0.00_4.00.png
2,1,-0.2,44,0.3,0.0,pen,pen_rew,-0.34,stims/white_pngs/Shape_0.30_0.00.png,-0.2,-0.23872383728364524,stims/white_pngs/Shape_0.00_0.00.png,stims/white_pngs/Shape_4.00_0.00.png
2,1,-0.2,45,0.3,4.0,pen,rew_pen,0.34,stims/white_pngs/Shape_0.30_4.00.png,0.2,0.15608333130726593,stims/white_pngs/Shape_4.00_4.00.png,stims/white_pngs/Shape_0.00_4.00.png
2,1,-0.2,46,0.3,0.0,pen,pen_rew,-0.34,stims/white_pngs/Shape_0.30_0.00.png,-0.2,-0.10885679966392453,stims/white_pngs/Shape_0.00_0.00.png,stims/white_pngs/Shape_4.00_0.00.png
2,1,-0.2,47,0.3,4.0,pen,rew_pen,0.34,stims/white_pngs/Shape_0.30_4.00.png,0.2,0.13282140240711615,stims/white_pngs/Shape_4.00_4.00.png,stims/white_pngs/Shape_0.00_4.00.png
2,1,-0.2,48,0.5,0.0,pen,pen_rew,-0.30000000000000004,stims/white_pngs/Shape_0.50_0.00.png,-0.2,-0.08682312531827224,stims/white_pngs/Shape_0.00_0.00.png,stims/white_pngs/Shape_4.00_0.00.png
2,1,-0.2,49,0.5,4.0,pen,rew_pen,0.30000000000000004,stims/white_pngs/Shape_0.50_4.00.png,0.2,0.09983651941931193,stims/white_pngs/Shape_4.00_4.00.png,stims/white_pngs/Shape_0.00_4.00.png
2,1,-0.2,50,0.5,0.0,pen,pen_rew,-0.30000000000000004,stims/white_pngs/Shape_0.50_0.00.png,-0.2,-0.09700411821484212,stims/white_pngs/Shape_0.00_0.00.png,stims/white_pngs/Shape_4.00_0.00.png
2,1,-0.2,51,0.5,4.0,pen,rew_pen,0.30000000000000004,stims/white_pngs/Shape_0.50_4.00.png,0.2,0.1431232015183148,stims/white_pngs/Shape_4.00_4.00.png,stims/white_pngs/Shape_0.00_4.00.png
2,1,-0.2,52,0.7,0.0,pen,pen_rew,-0.26,stims/white_pngs/Shape_0.70_0.00.png,-0.2,-0.029428315880412115,stims/white_pngs/Shape_0.00_0.00.png,stims/white_pngs/Shape_4.00_0.00.png
2,1,-0.2,53,0.7,4.0,pen,rew_pen,0.26,stims/white_pngs/Shape_0.70_4.00.png,0.2,0.04733425697523952,stims/white_pngs/Shape_4.00_4.00.png,stims/white_pngs/Shape_0.00_4.00.png
2,1,-0.2,54,0.7,0.0,pen,pen_rew,-0.26,stims/white_pngs/Shape_0.70_0.00.png,-0.2,0.034739157685206634,stims/white_pngs/Shape_0.00_0.00.png,stims/white_pngs/Shape_4.00_0.00.png
2,1,-0.2,55,0.7,4.0,pen,rew_pen,0.26,stims/white_pngs/Shape_0.70_4.00.png,0.2,0.012146054813490459,stims/white_pngs/Shape_4.00_4.00.png,stims/white_pngs/Shape_0.00_4.00.png
2,1,-0.2,56,0.9,0.0,pen,pen_rew,-0.22000000000000003,stims/white_pngs/Shape_0.90_0.00.png,-0.2,-0.39759221969396336,stims/white_pngs/Shape_0.00_0.00.png,stims/white_pngs/Shape_4.00_0.00.png
2,1,-0.2,57,0.9,4.0,pen,rew_pen,0.22000000000000003,stims/white_pngs/Shape_0.90_4.00.png,0.2,0.04479022319145809,stims/white_pngs/Shape_4.00_4.00.png,stims/white_pngs/Shape_0.00_4.00.png
2,1,-0.2,58,0.9,0.0,pen,pen_rew,-0.22000000000000003,stims/white_pngs/Shape_0.90_0.00.png,-0.2,-0.02762087552418724,stims/white_pngs/Shape_0.00_0.00.png,stims/white_pngs/Shape_4.00_0.00.png
2,1,-0.2,59,0.9,4.0,pen,rew_pen,0.22000000000000003,stims/white_pngs/Shape_0.90_4.00.png,0.2,0.11516240256099786,stims/white_pngs/Shape_4.00_4.00.png,stims/white_pngs/Shape_0.00_4.00.png
2,1,-0.2,60,1.1,0.0,rew,pen_rew,-0.18,stims/white_pngs/Shape_1.10_0.00.png,-0.2,0.09328081105825481,stims/white_pngs/Shape_0.00_0.00.png,stims/white_pngs/Shape_4.00_0.00.png
2,1,-0.2,61,1.1,4.0,rew,rew_pen,0.18,stims/white_pngs/Shape_1.10_4.00.png,0.2,0.0769293963776459,stims/white_pngs/Shape_4.00_4.00.png,stims/white_pngs/Shape_0.00_4.00.png
2,1,-0.2,62,1.3,0.0,rew,pen_rew,-0.13999999999999999,stims/white_pngs/Shape_1.30_0.00.png,-0.2,-0.35671595709234866,stims/white_pngs/Shape_0.00_0.00.png,stims/white_pngs/Shape_4.00_0.00.png
2,1,-0.2,63,1.3,4.0,rew,rew_pen,0.13999999999999999,stims/white_pngs/Shape_1.30_4.00.png,0.2,0.33585493378940734,stims/white_pngs/Shape_4.00_4.00.png,stims/white_pngs/Shape_0.00_4.00.png
2,1,-0.2,64,1.5,0.0,rew,pen_rew,-0.1,stims/white_pngs/Shape_1.50_0.00.png,-0.2,-0.3930098822049266,stims/white_pngs/Shape_0.00_0.00.png,stims/white_pngs/Shape_4.00_0.00.png
2,1,-0.2,65,1.5,4.0,rew,rew_pen,0.1,stims/white_pngs/Shape_1.50_4.00.png,0.2,-0.09595460813280948,stims/white_pngs/Shape_4.00_4.00.png,stims/white_pngs/Shape_0.00_4.00.png
2,1,-0.2,66,1.7,0.0,rew,pen_rew,-0.06000000000000001,stims/white_pngs/Shape_1.70_0.00.png,-0.2,0.06622705605259405,stims/white_pngs/Shape_0.00_0.00.png,stims/white_pngs/Shape_4.00_0.00.png
2,1,-0.2,67,1.7,4.0,rew,rew_pen,0.06000000000000001,stims/white_pngs/Shape_1.70_4.00.png,0.2,-0.2347918586155096,stims/white_pngs/Shape_4.00_4.00.png,stims/white_pngs/Shape_0.00_4.00.png
2,1,-0.2,68,1.9,0.0,rew,pen_rew,-0.020000000000000018,stims/white_pngs/Shape_1.90_0.00.png,-0.2,0.11932988290796298,stims/white_pngs/Shape_0.00_0.00.png,stims/white_pngs/Shape_4.00_0.00.png
2,1,-0.2,69,1.9,4.0,rew,rew_pen,0.020000000000000018,stims/white_pngs/Shape_1.90_4.00.png,0.2,0.13012295257830153,stims/white_pngs/Shape_4.00_4.00.png,stims/white_pngs/Shape_0.00_4.00.png
2,1,-0.2,70,2.1,0.0,rew,pen_rew,0.020000000000000018,stims/white_pngs/Shape_2.10_0.00.png,-0.2,0.12449850504606408,stims/white_pngs/Shape_0.00_0.00.png,stims/white_pngs/Shape_4.00_0.00.png
2,1,-0.2,71,2.1,4.0,rew,rew_pen,-0.020000000000000018,stims/white_pngs/Shape_2.10_4.00.png,0.2,0.2114801062121997,stims/white_pngs/Shape_4.00_4.00.png,stims/white_pngs/Shape_0.00_4.00.png
2,1,-0.2,72,2.3,0.0,rew,pen_rew,0.05999999999999997,stims/white_pngs/Shape_2.30_0.00.png,-0.2,-0.18282575220531552,stims/white_pngs/Shape_0.00_0.00.png,stims/white_pngs/Shape_4.00_0.00.png
2,1,-0.2,73,2.3,4.0,rew,rew_pen,-0.05999999999999997,stims/white_pngs/Shape_2.30_4.00.png,0.2,-0.2343515378788096,stims/white_pngs/Shape_4.00_4.00.png,stims/white_pngs/Shape_0.00_4.00.png
2,1,-0.2,74,2.5,0.0,rew,pen_rew,0.1,stims/white_pngs/Shape_2.50_0.00.png,-0.2,0.24819620015768817,stims/white_pngs/Shape_0.00_0.00.png,stims/white_pngs/Shape_4.00_0.00.png
2,1,-0.2,75,2.5,4.0,rew,rew_pen,-0.1,stims/white_pngs/Shape_2.50_4.00.png,0.2,-0.2038615210574677,stims/white_pngs/Shape_4.00_4.00.png,stims/white_pngs/Shape_0.00_4.00.png
2,1,-0.2,76,2.7,0.0,rew,pen_rew,0.14000000000000004,stims/white_pngs/Shape_2.70_0.00.png,-0.2,-0.07606268897152457,stims/white_pngs/Shape_0.00_0.00.png,stims/white_pngs/Shape_4.00_0.00.png
2,1,-0.2,77,2.7,4.0,rew,rew_pen,-0.14000000000000004,stims/white_pngs/Shape_2.70_4.00.png,0.2,-0.27069840398078704,stims/white_pngs/Shape_4.00_4.00.png,stims/white_pngs/Shape_0.00_4.00.png
2,1,-0.2,78,2.9,0.0,rew,pen_rew,0.18,stims/white_pngs/Shape_2.90_0.00.png,-0.2,-0.08440588915596636,stims/white_pngs/Shape_0.00_0.00.png,stims/white_pngs/Shape_4.00_0.00.png
2,1,-0.2,79,2.9,4.0,rew,rew_pen,-0.18,stims/white_pngs/Shape_2.90_4.00.png,0.2,-0.3134894530001193,stims/white_pngs/Shape_4.00_4.00.png,stims/white_pngs/Shape_0.00_4.00.png
3,1,0.2,80,1.1,0.0,pen,pen_rew,-0.18,stims/white_pngs/Shape_1.10_0.00.png,0.2,-0.029385419900434306,stims/white_pngs/Shape_0.00_0.00.png,stims/white_pngs/Shape_4.00_0.00.png
3,1,0.2,81,1.1,4.0,pen,rew_pen,0.18,stims/white_pngs/Shape_1.10_4.00.png,-0.2,0.354088069192361,stims/white_pngs/Shape_4.00_4.00.png,stims/white_pngs/Shape_0.00_4.00.png
3,1,0.2,82,1.3,0.0,pen,pen_rew,-0.13999999999999999,stims/white_pngs/Shape_1.30_0.00.png,0.2,-0.2937366439646044,stims/white_pngs/Shape_0.00_0.00.png,stims/white_pngs/Shape_4.00_0.00.png
3,1,0.2,83,1.3,4.0,pen,rew_pen,0.13999999999999999,stims/white_pngs/Shape_1.30_4.00.png,-0.2,-0.044153263504810636,stims/white_pngs/Shape_4.00_4.00.png,stims/white_pngs/Shape_0.00_4.00.png
3,1,0.2,84,1.5,0.0,pen,pen_rew,-0.1,stims/white_pngs/Shape_1.50_0.00.png,0.2,0.11129979716919958,stims/white_pngs/Shape_0.00_0.00.png,stims/white_pngs/Shape_4.00_0.00.png
3,1,0.2,85,1.5,4.0,pen,rew_pen,0.1,stims/white_pngs/Shape_1.50_4.00.png,-0.2,-0.000494913217421622,stims/white_pngs/Shape_4.00_4.00.png,stims/white_pngs/Shape_0.00_4.00.png
3,1,0.2,86,1.7,0.0,pen,pen_rew,-0.06000000000000001,stims/white_pngs/Shape_1.70_0.00.png,0.2,0.044733122319661756,stims/white_pngs/Shape_0.00_0.00.png,stims/white_pngs/Shape_4.00_0.00.png
3,1,0.2,87,1.7,4.0,pen,rew_pen,0.06000000000000001,stims/white_pngs/Shape_1.70_4.00.png,-0.2,-0.15506465154122903,stims/white_pngs/Shape_4.00_4.00.png,stims/white_pngs/Shape_0.00_4.00.png
3,1,0.2,88,1.9,0.0,pen,pen_rew,-0.020000000000000018,stims/white_pngs/Shape_1.90_0.00.png,0.2,-0.24827290504003569,stims/white_pngs/Shape_0.00_0.00.png,stims/white_pngs/Shape_4.00_0.00.png
3,1,0.2,89,1.9,4.0,pen,rew_pen,0.020000000000000018,stims/white_pngs/Shape_1.90_4.00.png,-0.2,0.2140319152717748,stims/white_pngs/Shape_4.00_4.00.png,stims/white_pngs/Shape_0.00_4.00.png
3,1,0.2,90,2.1,0.0,pen,pen_rew,0.020000000000000018,stims/white_pngs/Shape_2.10_0.00.png,0.2,0.22750701436398046,stims/white_pngs/Shape_0.00_0.00.png,stims/white_pngs/Shape_4.00_0.00.png
3,1,0.2,91,2.1,4.0,pen,rew_pen,-0.020000000000000018,stims/white_pngs/Shape_2.10_4.00.png,-0.2,0.1758476612030233,stims/white_pngs/Shape_4.00_4.00.png,stims/white_pngs/Shape_0.00_4.00.png
3,1,0.2,92,2.3,0.0,pen,pen_rew,0.05999999999999997,stims/white_pngs/Shape_2.30_0.00.png,0.2,-0.1431264336717556,stims/white_pngs/Shape_0.00_0.00.png,stims/white_pngs/Shape_4.00_0.00.png
3,1,0.2,93,2.3,4.0,pen,rew_pen,-0.05999999999999997,stims/white_pngs/Shape_2.30_4.00.png,-0.2,-0.28426313441216894,stims/white_pngs/Shape_4.00_4.00.png,stims/white_pngs/Shape_0.00_4.00.png
3,1,0.2,94,2.5,0.0,pen,pen_rew,0.1,stims/white_pngs/Shape_2.50_0.00.png,0.2,0.23131401946328545,stims/white_pngs/Shape_0.00_0.00.png,stims/white_pngs/Shape_4.00_0.00.png
3,1,0.2,95,2.5,4.0,pen,rew_pen,-0.1,stims/white_pngs/Shape_2.50_4.00.png,-0.2,-0.26945341443152665,stims/white_pngs/Shape_4.00_4.00.png,stims/white_pngs/Shape_0.00_4.00.png
3,1,0.2,96,2.7,0.0,pen,pen_rew,0.14000000000000004,stims/white_pngs/Shape_2.70_0.00.png,0.2,0.036714853640505585,stims/white_pngs/Shape_0.00_0.00.png,stims/white_pngs/Shape_4.00_0.00.png
3,1,0.2,97,2.7,4.0,pen,rew_pen,-0.14000000000000004,stims/white_pngs/Shape_2.70_4.00.png,-0.2,0.15397784403388648,stims/white_pngs/Shape_4.00_4.00.png,stims/white_pngs/Shape_0.00_4.00.png
3,1,0.2,98,2.9,0.0,pen,pen_rew,0.18,stims/white_pngs/Shape_2.90_0.00.png,0.2,-0.09246572026442734,stims/white_pngs/Shape_0.00_0.00.png,stims/white_pngs/Shape_4.00_0.00.png
3,1,0.2,99,2.9,4.0,pen,rew_pen,-0.18,stims/white_pngs/Shape_2.90_4.00.png,-0.2,-0.04760017285688872,stims/white_pngs/Shape_4.00_4.00.png,stims/white_pngs/Shape_0.00_4.00.png
3,1,0.2,100,3.1,0.0,rew,pen_rew,0.22000000000000003,stims/white_pngs/Shape_3.10_0.00.png,0.2,0.37853124460437215,stims/white_pngs/Shape_0.00_0.00.png,stims/white_pngs/Shape_4.00_0.00.png
3,1,0.2,101,3.1,4.0,rew,rew_pen,-0.22000000000000003,stims/white_pngs/Shape_3.10_4.00.png,-0.2,-0.036455619572879794,stims/white_pngs/Shape_4.00_4.00.png,stims/white_pngs/Shape_0.00_4.00.png
3,1,0.2,102,3.1,0.0,rew,pen_rew,0.22000000000000003,stims/white_pngs/Shape_3.10_0.00.png,0.2,0.04293809909289725,stims/white_pngs/Shape_0.00_0.00.png,stims/white_pngs/Shape_4.00_0.00.png
3,1,0.2,103,3.1,4.0,rew,rew_pen,-0.22000000000000003,stims/white_pngs/Shape_3.10_4.00.png,-0.2,-0.3701411783801195,stims/white_pngs/Shape_4.00_4.00.png,stims/white_pngs/Shape_0.00_4.00.png
3,1,0.2,104,3.3,0.0,rew,pen_rew,0.25999999999999995,stims/white_pngs/Shape_3.30_0.00.png,0.2,0.15412891795185635,stims/white_pngs/Shape_0.00_0.00.png,stims/white_pngs/Shape_4.00_0.00.png
3,1,0.2,105,3.3,4.0,rew,rew_pen,-0.25999999999999995,stims/white_pngs/Shape_3.30_4.00.png,-0.2,-0.03171000882753683,stims/white_pngs/Shape_4.00_4.00.png,stims/white_pngs/Shape_0.00_4.00.png
3,1,0.2,106,3.3,0.0,rew,pen_rew,0.25999999999999995,stims/white_pngs/Shape_3.30_0.00.png,0.2,0.050017733600729475,stims/white_pngs/Shape_0.00_0.00.png,stims/white_pngs/Shape_4.00_0.00.png
3,1,0.2,107,3.3,4.0,rew,rew_pen,-0.25999999999999995,stims/white_pngs/Shape_3.30_4.00.png,-0.2,0.02356818720654319,stims/white_pngs/Shape_4.00_4.00.png,stims/white_pngs/Shape_0.00_4.00.png
3,1,0.2,108,3.5,0.0,rew,pen_rew,0.30000000000000004,stims/white_pngs/Shape_3.50_0.00.png,0.2,0.011588504811145373,stims/white_pngs/Shape_0.00_0.00.png,stims/white_pngs/Shape_4.00_0.00.png
3,1,0.2,109,3.5,4.0,rew,rew_pen,-0.30000000000000004,stims/white_pngs/Shape_3.50_4.00.png,-0.2,-0.06131218465350019,stims/white_pngs/Shape_4.00_4.00.png,stims/white_pngs/Shape_0.00_4.00.png
3,1,0.2,110,3.5,0.0,rew,pen_rew,0.30000000000000004,stims/white_pngs/Shape_3.50_0.00.png,0.2,0.035090197379822274,stims/white_pngs/Shape_0.00_0.00.png,stims/white_pngs/Shape_4.00_0.00.png
3,1,0.2,111,3.5,4.0,rew,rew_pen,-0.30000000000000004,stims/white_pngs/Shape_3.50_4.00.png,-0.2,-0.05466094680808081,stims/white_pngs/Shape_4.00_4.00.png,stims/white_pngs/Shape_0.00_4.00.png
3,1,0.2,112,3.7,0.0,rew,pen_rew,0.3400000000000001,stims/white_pngs/Shape_3.70_0.00.png,0.2,0.19941024822274067,stims/white_pngs/Shape_0.00_0.00.png,stims/white_pngs/Shape_4.00_0.00.png
3,1,0.2,113,3.7,4.0,rew,rew_pen,-0.3400000000000001,stims/white_pngs/Shape_3.70_4.00.png,-0.2,-0.12419782358169512,stims/white_pngs/Shape_4.00_4.00.png,stims/white_pngs/Shape_0.00_4.00.png
3,1,0.2,114,3.7,0.0,rew,pen_rew,0.3400000000000001,stims/white_pngs/Shape_3.70_0.00.png,0.2,0.23999838426427167,stims/white_pngs/Shape_0.00_0.00.png,stims/white_pngs/Shape_4.00_0.00.png
3,1,0.2,115,3.7,4.0,rew,rew_pen,-0.3400000000000001,stims/white_pngs/Shape_3.70_4.00.png,-0.2,-0.1414197465660565,stims/white_pngs/Shape_4.00_4.00.png,stims/white_pngs/Shape_0.00_4.00.png
3,1,0.2,116,3.9,0.0,rew,pen_rew,0.38,stims/white_pngs/Shape_3.90_0.00.png,0.2,0.2396967895215142,stims/white_pngs/Shape_0.00_0.00.png,stims/white_pngs/Shape_4.00_0.00.png
3,1,0.2,117,3.9,4.0,rew,rew_pen,-0.38,stims/white_pngs/Shape_3.90_4.00.png,-0.2,-0.13354833161507768,stims/white_pngs/Shape_4.00_4.00.png,stims/white_pngs/Shape_0.00_4.00.png
3,1,0.2,118,3.9,0.0,rew,pen_rew,0.38,stims/white_pngs/Shape_3.90_0.00.png,0.2,0.08948225399239923,stims/white_pngs/Shape_0.00_0.00.png,stims/white_pngs/Shape_4.00_0.00.png
3,1,0.2,119,3.9,4.0,rew,rew_pen,-0.38,stims/white_pngs/Shape_3.90_4.00.png,-0.2,-0.17633025607959862,stims/white_pngs/Shape_4.00_4.00.png,stims/white_pngs/Shape_0.00_4.00.png
4,2,0.0,120,0.1,4.0,pen,rew_pen,0.38,stims/white_pngs/Shape_0.10_4.00.png,0.0,0.11758059348291672,stims/white_pngs/Shape_4.00_4.00.png,stims/white_pngs/Shape_0.00_4.00.png
4,2,0.0,121,0.1,0.0,pen,pen_rew,-0.38,stims/white_pngs/Shape_0.10_0.00.png,0.0,-0.2706224933437459,stims/white_pngs/Shape_0.00_0.00.png,stims/white_pngs/Shape_4.00_0.00.png
4,2,0.0,122,0.3,4.0,pen,rew_pen,0.34,stims/white_pngs/Shape_0.30_4.00.png,0.0,0.21354126539090912,stims/white_pngs/Shape_4.00_4.00.png,stims/white_pngs/Shape_0.00_4.00.png
4,2,0.0,123,0.3,0.0,pen,pen_rew,-0.34,stims/white_pngs/Shape_0.30_0.00.png,0.0,-0.049968677325903765,stims/white_pngs/Shape_0.00_0.00.png,stims/white_pngs/Shape_4.00_0.00.png
4,2,0.0,124,0.5,4.0,pen,rew_pen,0.30000000000000004,stims/white_pngs/Shape_0.50_4.00.png,0.0,0.18018006613725013,stims/white_pngs/Shape_4.00_4.00.png,stims/white_pngs/Shape_0.00_4.00.png
4,2,0.0,125,0.5,0.0,pen,pen_rew,-0.30000000000000004,stims/white_pngs/Shape_0.50_0.00.png,0.0,-0.19471589864992983,stims/white_pngs/Shape_0.00_0.00.png,stims/white_pngs/Shape_4.00_0.00.png
4,2,0.0,126,0.7,4.0,pen,rew_pen,0.26,stims/white_pngs/Shape_0.70_4.00.png,0.0,0.38813897991095736,stims/white_pngs/Shape_4.00_4.00.png,stims/white_pngs/Shape_0.00_4.00.png
4,2,0.0,127,0.7,0.0,pen,pen_rew,-0.26,stims/white_pngs/Shape_0.70_0.00.png,0.0,-0.10000452640901775,stims/white_pngs/Shape_0.00_0.00.png,stims/white_pngs/Shape_4.00_0.00.png
4,2,0.0,128,0.9,4.0,pen,rew_pen,0.22000000000000003,stims/white_pngs/Shape_0.90_4.00.png,0.0,0.04504212681084968,stims/white_pngs/Shape_4.00_4.00.png,stims/white_pngs/Shape_0.00_4.00.png
4,2,0.0,129,0.9,0.0,pen,pen_rew,-0.22000000000000003,stims/white_pngs/Shape_0.90_0.00.png,0.0,-0.04278703403809392,stims/white_pngs/Shape_0.00_0.00.png,stims/white_pngs/Shape_4.00_0.00.png
4,2,0.0,130,1.1,4.0,pen,rew_pen,0.18,stims/white_pngs/Shape_1.10_4.00.png,0.0,0.3523630469660597,stims/white_pngs/Shape_4.00_4.00.png,stims/white_pngs/Shape_0.00_4.00.png
4,2,0.0,131,1.1,0.0,pen,pen_rew,-0.18,stims/white_pngs/Shape_1.10_0.00.png,0.0,-0.0038562804836916875,stims/white_pngs/Shape_0.00_0.00.png,stims/white_pngs/Shape_4.00_0.00.png
4,2,0.0,132,1.3,4.0,pen,rew_pen,0.13999999999999999,stims/white_pngs/Shape_1.30_4.00.png,0.0,-0.037258719788690275,stims/white_pngs/Shape_4.00_4.00.png,stims/white_pngs/Shape_0.00_4.00.png
4,2,0.0,133,1.3,0.0,pen,pen_rew,-0.13999999999999999,stims/white_pngs/Shape_1.30_0.00.png,0.0,-0.3567874366861734,stims/white_pngs/Shape_0.00_0.00.png,stims/white_pngs/Shape_4.00_0.00.png
4,2,0.0,134,1.5,4.0,pen,rew_pen,0.1,stims/white_pngs/Shape_1.50_4.00.png,0.0,-0.11101260415126551,stims/white_pngs/Shape_4.00_4.00.png,stims/white_pngs/Shape_0.00_4.00.png
4,2,0.0,135,1.5,0.0,pen,pen_rew,-0.1,stims/white_pngs/Shape_1.50_0.00.png,0.0,-0.3088434704119954,stims/white_pngs/Shape_0.00_0.00.png,stims/white_pngs/Shape_4.00_0.00.png
4,2,0.0,136,1.7,4.0,pen,rew_pen,0.06000000000000001,stims/white_pngs/Shape_1.70_4.00.png,0.0,-0.19014899936035806,stims/white_pngs/Shape_4.00_4.00.png,stims/white_pngs/Shape_0.00_4.00.png
4,2,0.0,137,1.7,0.0,pen,pen_rew,-0.06000000000000001,stims/white_pngs/Shape_1.70_0.00.png,0.0,-0.32366657194740145,stims/white_pngs/Shape_0.00_0.00.png,stims/white_pngs/Shape_4.00_0.00.png
4,2,0.0,138,1.9,4.0,pen,rew_pen,0.020000000000000018,stims/white_pngs/Shape_1.90_4.00.png,0.0,-0.1667271760535936,stims/white_pngs/Shape_4.00_4.00.png,stims/white_pngs/Shape_0.00_4.00.png
4,2,0.0,139,1.9,0.0,pen,pen_rew,-0.020000000000000018,stims/white_pngs/Shape_1.90_0.00.png,0.0,0.19688325932441786,stims/white_pngs/Shape_0.00_0.00.png,stims/white_pngs/Shape_4.00_0.00.png
4,2,0.0,140,2.1,4.0,rew,rew_pen,-0.020000000000000018,stims/white_pngs/Shape_2.10_4.00.png,0.0,-0.2529534653740394,stims/white_pngs/Shape_4.00_4.00.png,stims/white_pngs/Shape_0.00_4.00.png
4,2,0.0,141,2.1,0.0,rew,pen_rew,0.020000000000000018,stims/white_pngs/Shape_2.10_0.00.png,0.0,0.3011757295285197,stims/white_pngs/Shape_0.00_0.00.png,stims/white_pngs/Shape_4.00_0.00.png
4,2,0.0,142,2.3,4.0,rew,rew_pen,-0.05999999999999997,stims/white_pngs/Shape_2.30_4.00.png,0.0,0.10217415696830978,stims/white_pngs/Shape_4.00_4.00.png,stims/white_pngs/Shape_0.00_4.00.png
4,2,0.0,143,2.3,0.0,rew,pen_rew,0.05999999999999997,stims/white_pngs/Shape_2.30_0.00.png,0.0,-0.22468385292243181,stims/white_pngs/Shape_0.00_0.00.png,stims/white_pngs/Shape_4.00_0.00.png
4,2,0.0,144,2.5,4.0,rew,rew_pen,-0.1,stims/white_pngs/Shape_2.50_4.00.png,0.0,0.02413402956726224,stims/white_pngs/Shape_4.00_4.00.png,stims/white_pngs/Shape_0.00_4.00.png
4,2,0.0,145,2.5,0.0,rew,pen_rew,0.1,stims/white_pngs/Shape_2.50_0.00.png,0.0,-0.013972581369488424,stims/white_pngs/Shape_0.00_0.00.png,stims/white_pngs/Shape_4.00_0.00.png
4,2,0.0,146,2.7,4.0,rew,rew_pen,-0.14000000000000004,stims/white_pngs/Shape_2.70_4.00.png,0.0,-0.3612712465022687,stims/white_pngs/Shape_4.00_4.00.png,stims/white_pngs/Shape_0.00_4.00.png
4,2,0.0,147,2.7,0.0,rew,pen_rew,0.14000000000000004,stims/white_pngs/Shape_2.70_0.00.png,0.0,0.2920702771317132,stims/white_pngs/Shape_0.00_0.00.png,stims/white_pngs/Shape_4.00_0.00.png
4,2,0.0,148,2.9,4.0,rew,rew_pen,-0.18,stims/white_pngs/Shape_2.90_4.00.png,0.0,-0.03433989871859228,stims/white_pngs/Shape_4.00_4.00.png,stims/white_pngs/Shape_0.00_4.00.png
4,2,0.0,149,2.9,0.0,rew,pen_rew,0.18,stims/white_pngs/Shape_2.90_0.00.png,0.0,0.025873214585482196,stims/white_pngs/Shape_0.00_0.00.png,stims/white_pngs/Shape_4.00_0.00.png
4,2,0.0,150,3.1,4.0,rew,rew_pen,-0.22000000000000003,stims/white_pngs/Shape_3.10_4.00.png,0.0,-0.38088774546642645,stims/white_pngs/Shape_4.00_4.00.png,stims/white_pngs/Shape_0.00_4.00.png
4,2,0.0,151,3.1,0.0,rew,pen_rew,0.22000000000000003,stims/white_pngs/Shape_3.10_0.00.png,0.0,0.0709568505672647,stims/white_pngs/Shape_0.00_0.00.png,stims/white_pngs/Shape_4.00_0.00.png
4,2,0.0,152,3.3,4.0,rew,rew_pen,-0.25999999999999995,stims/white_pngs/Shape_3.30_4.00.png,0.0,-0.37303254204846675,stims/white_pngs/Shape_4.00_4.00.png,stims/white_pngs/Shape_0.00_4.00.png
4,2,0.0,153,3.3,0.0,rew,pen_rew,0.25999999999999995,stims/white_pngs/Shape_3.30_0.00.png,0.0,0.08337995993426472,stims/white_pngs/Shape_0.00_0.00.png,stims/white_pngs/Shape_4.00_0.00.png
4,2,0.0,154,3.5,4.0,rew,rew_pen,-0.30000000000000004,stims/white_pngs/Shape_3.50_4.00.png,0.0,-0.1474082049893819,stims/white_pngs/Shape_4.00_4.00.png,stims/white_pngs/Shape_0.00_4.00.png
4,2,0.0,155,3.5,0.0,rew,pen_rew,0.30000000000000004,stims/white_pngs/Shape_3.50_0.00.png,0.0,0.06675007254302318,stims/white_pngs/Shape_0.00_0.00.png,stims/white_pngs/Shape_4.00_0.00.png
4,2,0.0,156,3.7,4.0,rew,rew_pen,-0.3400000000000001,stims/white_pngs/Shape_3.70_4.00.png,0.0,-0.11692089039359138,stims/white_pngs/Shape_4.00_4.00.png,stims/white_pngs/Shape_0.00_4.00.png
4,2,0.0,157,3.7,0.0,rew,pen_rew,0.3400000000000001,stims/white_pngs/Shape_3.70_0.00.png,0.0,0.10173937503213792,stims/white_pngs/Shape_0.00_0.00.png,stims/white_pngs/Shape_4.00_0.00.png
4,2,0.0,158,3.9,4.0,rew,rew_pen,-0.38,stims/white_pngs/Shape_3.90_4.00.png,0.0,-0.10235274185762039,stims/white_pngs/Shape_4.00_4.00.png,stims/white_pngs/Shape_0.00_4.00.png
4,2,0.0,159,3.9,0.0,rew,pen_rew,0.38,stims/white_pngs/Shape_3.90_0.00.png,0.0,0.21443063040387844,stims/white_pngs/Shape_0.00_0.00.png,stims/white_pngs/Shape_4.00_0.00.png
5,2,-0.2,160,0.1,4.0,pen,rew_pen,0.38,stims/white_pngs/Shape_0.10_4.00.png,0.2,0.12026442681788097,stims/white_pngs/Shape_4.00_4.00.png,stims/white_pngs/Shape_0.00_4.00.png
5,2,-0.2,161,0.1,0.0,pen,pen_rew,-0.38,stims/white_pngs/Shape_0.10_0.00.png,-0.2,-0.126661762767589,stims/white_pngs/Shape_0.00_0.00.png,stims/white_pngs/Shape_4.00_0.00.png
5,2,-0.2,162,0.1,4.0,pen,rew_pen,0.38,stims/white_pngs/Shape_0.10_4.00.png,0.2,0.2604869768422904,stims/white_pngs/Shape_4.00_4.00.png,stims/white_pngs/Shape_0.00_4.00.png
5,2,-0.2,163,0.1,0.0,pen,pen_rew,-0.38,stims/white_pngs/Shape_0.10_0.00.png,-0.2,-0.15034564859474628,stims/white_pngs/Shape_0.00_0.00.png,stims/white_pngs/Shape_4.00_0.00.png
5,2,-0.2,164,0.3,4.0,pen,rew_pen,0.34,stims/white_pngs/Shape_0.30_4.00.png,0.2,0.048517639407162416,stims/white_pngs/Shape_4.00_4.00.png,stims/white_pngs/Shape_0.00_4.00.png
5,2,-0.2,165,0.3,0.0,pen,pen_rew,-0.34,stims/white_pngs/Shape_0.30_0.00.png,-0.2,-0.23280345997941865,stims/white_pngs/Shape_0.00_0.00.png,stims/white_pngs/Shape_4.00_0.00.png
5,2,-0.2,166,0.3,4.0,pen,rew_pen,0.34,stims/white_pngs/Shape_0.30_4.00.png,0.2,0.14922423292737252,stims/white_pngs/Shape_4.00_4.00.png,stims/white_pngs/Shape_0.00_4.00.png
5,2,-0.2,167,0.3,0.0,pen,pen_rew,-0.34,stims/white_pngs/Shape_0.30_0.00.png,-0.2,-0.16034289653011938,stims/white_pngs/Shape_0.00_0.00.png,stims/white_pngs/Shape_4.00_0.00.png
5,2,-0.2,168,0.5,4.0,pen,rew_pen,0.30000000000000004,stims/white_pngs/Shape_0.50_4.00.png,0.2,0.1535351841014595,stims/white_pngs/Shape_4.00_4.00.png,stims/white_pngs/Shape_0.00_4.00.png
5,2,-0.2,169,0.5,0.0,pen,pen_rew,-0.30000000000000004,stims/white_pngs/Shape_0.50_0.00.png,-0.2,-0.04845430647306748,stims/white_pngs/Shape_0.00_0.00.png,stims/white_pngs/Shape_4.00_0.00.png
5,2,-0.2,170,0.5,4.0,pen,rew_pen,0.30000000000000004,stims/white_pngs/Shape_0.50_4.00.png,0.2,0.0030486500234029323,stims/white_pngs/Shape_4.00_4.00.png,stims/white_pngs/Shape_0.00_4.00.png
5,2,-0.2,171,0.5,0.0,pen,pen_rew,-0.30000000000000004,stims/white_pngs/Shape_0.50_0.00.png,-0.2,-0.11918023613782741,stims/white_pngs/Shape_0.00_0.00.png,stims/white_pngs/Shape_4.00_0.00.png
5,2,-0.2,172,0.7,4.0,pen,rew_pen,0.26,stims/white_pngs/Shape_0.70_4.00.png,0.2,0.0779419004095292,stims/white_pngs/Shape_4.00_4.00.png,stims/white_pngs/Shape_0.00_4.00.png
5,2,-0.2,173,0.7,0.0,pen,pen_rew,-0.26,stims/white_pngs/Shape_0.70_0.00.png,-0.2,-0.3619580427918423,stims/white_pngs/Shape_0.00_0.00.png,stims/white_pngs/Shape_4.00_0.00.png
5,2,-0.2,174,0.7,4.0,pen,rew_pen,0.26,stims/white_pngs/Shape_0.70_4.00.png,0.2,0.3877205398883845,stims/white_pngs/Shape_4.00_4.00.png,stims/white_pngs/Shape_0.00_4.00.png
5,2,-0.2,175,0.7,0.0,pen,pen_rew,-0.26,stims/white_pngs/Shape_0.70_0.00.png,-0.2,0.0017943470559498853,stims/white_pngs/Shape_0.00_0.00.png,stims/white_pngs/Shape_4.00_0.00.png
5,2,-0.2,176,0.9,4.0,pen,rew_pen,0.22000000000000003,stims/white_pngs/Shape_0.90_4.00.png,0.2,0.03322511468492151,stims/white_pngs/Shape_4.00_4.00.png,stims/white_pngs/Shape_0.00_4.00.png
5,2,-0.2,177,0.9,0.0,pen,pen_rew,-0.22000000000000003,stims/white_pngs/Shape_0.90_0.00.png,-0.2,-0.11022344356739028,stims/white_pngs/Shape_0.00_0.00.png,stims/white_pngs/Shape_4.00_0.00.png
5,2,-0.2,178,0.9,4.0,pen,rew_pen,0.22000000000000003,stims/white_pngs/Shape_0.90_4.00.png,0.2,0.35237052469552166,stims/white_pngs/Shape_4.00_4.00.png,stims/white_pngs/Shape_0.00_4.00.png
5,2,-0.2,179,0.9,0.0,pen,pen_rew,-0.22000000000000003,stims/white_pngs/Shape_0.90_0.00.png,-0.2,0.05327702574491233,stims/white_pngs/Shape_0.00_0.00.png,stims/white_pngs/Shape_4.00_0.00.png
5,2,-0.2,180,1.1,4.0,rew,rew_pen,0.18,stims/white_pngs/Shape_1.10_4.00.png,0.2,0.008983182586718486,stims/white_pngs/Shape_4.00_4.00.png,stims/white_pngs/Shape_0.00_4.00.png
5,2,-0.2,181,1.1,0.0,rew,pen_rew,-0.18,stims/white_pngs/Shape_1.10_0.00.png,-0.2,0.09157589995142262,stims/white_pngs/Shape_0.00_0.00.png,stims/white_pngs/Shape_4.00_0.00.png
5,2,-0.2,182,1.3,4.0,rew,rew_pen,0.13999999999999999,stims/white_pngs/Shape_1.30_4.00.png,0.2,-0.062302143219250816,stims/white_pngs/Shape_4.00_4.00.png,stims/white_pngs/Shape_0.00_4.00.png
5,2,-0.2,183,1.3,0.0,rew,pen_rew,-0.13999999999999999,stims/white_pngs/Shape_1.30_0.00.png,-0.2,-0.3617967711668814,stims/white_pngs/Shape_0.00_0.00.png,stims/white_pngs/Shape_4.00_0.00.png
5,2,-0.2,184,1.5,4.0,rew,rew_pen,0.1,stims/white_pngs/Shape_1.50_4.00.png,0.2,-0.11290860620160997,stims/white_pngs/Shape_4.00_4.00.png,stims/white_pngs/Shape_0.00_4.00.png
5,2,-0.2,185,1.5,0.0,rew,pen_rew,-0.1,stims/white_pngs/Shape_1.50_0.00.png,-0.2,-0.20684453831250932,stims/white_pngs/Shape_0.00_0.00.png,stims/white_pngs/Shape_4.00_0.00.png
5,2,-0.2,186,1.7,4.0,rew,rew_pen,0.06000000000000001,stims/white_pngs/Shape_1.70_4.00.png,0.2,-0.1579443479700917,stims/white_pngs/Shape_4.00_4.00.png,stims/white_pngs/Shape_0.00_4.00.png
5,2,-0.2,187,1.7,0.0,rew,pen_rew,-0.06000000000000001,stims/white_pngs/Shape_1.70_0.00.png,-0.2,0.22509356860392749,stims/white_pngs/Shape_0.00_0.00.png,stims/white_pngs/Shape_4.00_0.00.png
5,2,-0.2,188,1.9,4.0,rew,rew_pen,0.020000000000000018,stims/white_pngs/Shape_1.90_4.00.png,0.2,-0.1259895032003187,stims/white_pngs/Shape_4.00_4.00.png,stims/white_pngs/Shape_0.00_4.00.png
5,2,-0.2,189,1.9,0.0,rew,pen_rew,-0.020000000000000018,stims/white_pngs/Shape_1.90_0.00.png,-0.2,-0.2901880373014916,stims/white_pngs/Shape_0.00_0.00.png,stims/white_pngs/Shape_4.00_0.00.png
5,2,-0.2,190,2.1,4.0,rew,rew_pen,-0.020000000000000018,stims/white_pngs/Shape_2.10_4.00.png,0.2,0.25134313315583756,stims/white_pngs/Shape_4.00_4.00.png,stims/white_pngs/Shape_0.00_4.00.png
5,2,-0.2,191,2.1,0.0,rew,pen_rew,0.020000000000000018,stims/white_pngs/Shape_2.10_0.00.png,-0.2,-0.20491342030802243,stims/white_pngs/Shape_0.00_0.00.png,stims/white_pngs/Shape_4.00_0.00.png
5,2,-0.2,192,2.3,4.0,rew,rew_pen,-0.05999999999999997,stims/white_pngs/Shape_2.30_4.00.png,0.2,-0.23464193273961653,stims/white_pngs/Shape_4.00_4.00.png,stims/white_pngs/Shape_0.00_4.00.png
5,2,-0.2,193,2.3,0.0,rew,pen_rew,0.05999999999999997,stims/white_pngs/Shape_2.30_0.00.png,-0.2,-0.11717809076300839,stims/white_pngs/Shape_0.00_0.00.png,stims/white_pngs/Shape_4.00_0.00.png
5,2,-0.2,194,2.5,4.0,rew,rew_pen,-0.1,stims/white_pngs/Shape_2.50_4.00.png,0.2,0.18103171498385073,stims/white_pngs/Shape_4.00_4.00.png,stims/white_pngs/Shape_0.00_4.00.png
5,2,-0.2,195,2.5,0.0,rew,pen_rew,0.1,stims/white_pngs/Shape_2.50_0.00.png,-0.2,0.391436088280956,stims/white_pngs/Shape_0.00_0.00.png,stims/white_pngs/Shape_4.00_0.00.png
5,2,-0.2,196,2.7,4.0,rew,rew_pen,-0.14000000000000004,stims/white_pngs/Shape_2.70_4.00.png,0.2,-0.33202255518366536,stims/white_pngs/Shape_4.00_4.00.png,stims/white_pngs/Shape_0.00_4.00.png
5,2,-0.2,197,2.7,0.0,rew,pen_rew,0.14000000000000004,stims/white_pngs/Shape_2.70_0.00.png,-0.2,-0.008500203355276459,stims/white_pngs/Shape_0.00_0.00.png,stims/white_pngs/Shape_4.00_0.00.png
5,2,-0.2,198,2.9,4.0,rew,rew_pen,-0.18,stims/white_pngs/Shape_2.90_4.00.png,0.2,0.028296870870695767,stims/white_pngs/Shape_4.00_4.00.png,stims/white_pngs/Shape_0.00_4.00.png
5,2,-0.2,199,2.9,0.0,rew,pen_rew,0.18,stims/white_pngs/Shape_2.90_0.00.png,-0.2,0.057870697232197954,stims/white_pngs/Shape_0.00_0.00.png,stims/white_pngs/Shape_4.00_0.00.png
6,2,0.2,200,1.1,4.0,pen,rew_pen,0.18,stims/white_pngs/Shape_1.10_4.00.png,-0.2,-0.032631029858589955,stims/white_pngs/Shape_4.00_4.00.png,stims/white_pngs/Shape_0.00_4.00.png
6,2,0.2,201,1.1,0.0,pen,pen_rew,-0.18,stims/white_pngs/Shape_1.10_0.00.png,0.2,-0.35552419273041824,stims/white_pngs/Shape_0.00_0.00.png,stims/white_pngs/Shape_4.00_0.00.png
6,2,0.2,202,1.3,4.0,pen,rew_pen,0.13999999999999999,stims/white_pngs/Shape_1.30_4.00.png,-0.2,0.28106928653093444,stims/white_pngs/Shape_4.00_4.00.png,stims/white_pngs/Shape_0.00_4.00.png
6,2,0.2,203,1.3,0.0,pen,pen_rew,-0.13999999999999999,stims/white_pngs/Shape_1.30_0.00.png,0.2,0.14715527911997106,stims/white_pngs/Shape_0.00_0.00.png,stims/white_pngs/Shape_4.00_0.00.png
6,2,0.2,204,1.5,4.0,pen,rew_pen,0.1,stims/white_pngs/Shape_1.50_4.00.png,-0.2,-0.10584578411211032,stims/white_pngs/Shape_4.00_4.00.png,stims/white_pngs/Shape_0.00_4.00.png
6,2,0.2,205,1.5,0.0,pen,pen_rew,-0.1,stims/white_pngs/Shape_1.50_0.00.png,0.2,-0.34864831762395465,stims/white_pngs/Shape_0.00_0.00.png,stims/white_pngs/Shape_4.00_0.00.png
6,2,0.2,206,1.7,4.0,pen,rew_pen,0.06000000000000001,stims/white_pngs/Shape_1.70_4.00.png,-0.2,-0.0544914417927882,stims/white_pngs/Shape_4.00_4.00.png,stims/white_pngs/Shape_0.00_4.00.png
6,2,0.2,207,1.7,0.0,pen,pen_rew,-0.06000000000000001,stims/white_pngs/Shape_1.70_0.00.png,0.2,-0.23457058359845454,stims/white_pngs/Shape_0.00_0.00.png,stims/white_pngs/Shape_4.00_0.00.png
6,2,0.2,208,1.9,4.0,pen,rew_pen,0.020000000000000018,stims/white_pngs/Shape_1.90_4.00.png,-0.2,-0.24852663611703163,stims/white_pngs/Shape_4.00_4.00.png,stims/white_pngs/Shape_0.00_4.00.png
6,2,0.2,209,1.9,0.0,pen,pen_rew,-0.020000000000000018,stims/white_pngs/Shape_1.90_0.00.png,0.2,-0.2211903478819374,stims/white_pngs/Shape_0.00_0.00.png,stims/white_pngs/Shape_4.00_0.00.png
6,2,0.2,210,2.1,4.0,pen,rew_pen,-0.020000000000000018,stims/white_pngs/Shape_2.10_4.00.png,-0.2,-0.2907560722013798,stims/white_pngs/Shape_4.00_4.00.png,stims/white_pngs/Shape_0.00_4.00.png
6,2,0.2,211,2.1,0.0,pen,pen_rew,0.020000000000000018,stims/white_pngs/Shape_2.10_0.00.png,0.2,-0.2651120453029459,stims/white_pngs/Shape_0.00_0.00.png,stims/white_pngs/Shape_4.00_0.00.png
6,2,0.2,212,2.3,4.0,pen,rew_pen,-0.05999999999999997,stims/white_pngs/Shape_2.30_4.00.png,-0.2,-0.3502314837126086,stims/white_pngs/Shape_4.00_4.00.png,stims/white_pngs/Shape_0.00_4.00.png
6,2,0.2,213,2.3,0.0,pen,pen_rew,0.05999999999999997,stims/white_pngs/Shape_2.30_0.00.png,0.2,0.22065447865232135,stims/white_pngs/Shape_0.00_0.00.png,stims/white_pngs/Shape_4.00_0.00.png
6,2,0.2,214,2.5,4.0,pen,rew_pen,-0.1,stims/white_pngs/Shape_2.50_4.00.png,-0.2,-0.2775496496090802,stims/white_pngs/Shape_4.00_4.00.png,stims/white_pngs/Shape_0.00_4.00.png
6,2,0.2,215,2.5,0.0,pen,pen_rew,0.1,stims/white_pngs/Shape_2.50_0.00.png,0.2,0.2899312418688895,stims/white_pngs/Shape_0.00_0.00.png,stims/white_pngs/Shape_4.00_0.00.png
6,2,0.2,216,2.7,4.0,pen,rew_pen,-0.14000000000000004,stims/white_pngs/Shape_2.70_4.00.png,-0.2,-0.2959153836951763,stims/white_pngs/Shape_4.00_4.00.png,stims/white_pngs/Shape_0.00_4.00.png
6,2,0.2,217,2.7,0.0,pen,pen_rew,0.14000000000000004,stims/white_pngs/Shape_2.70_0.00.png,0.2,-0.07099062704774556,stims/white_pngs/Shape_0.00_0.00.png,stims/white_pngs/Shape_4.00_0.00.png
6,2,0.2,218,2.9,4.0,pen,rew_pen,-0.18,stims/white_pngs/Shape_2.90_4.00.png,-0.2,0.00708494521369013,stims/white_pngs/Shape_4.00_4.00.png,stims/white_pngs/Shape_0.00_4.00.png
6,2,0.2,219,2.9,0.0,pen,pen_rew,0.18,stims/white_pngs/Shape_2.90_0.00.png,0.2,0.04674095781252108,stims/white_pngs/Shape_0.00_0.00.png,stims/white_pngs/Shape_4.00_0.00.png
6,2,0.2,220,3.1,4.0,rew,rew_pen,-0.22000000000000003,stims/white_pngs/Shape_3.10_4.00.png,-0.2,0.0015455061997237673,stims/white_pngs/Shape_4.00_4.00.png,stims/white_pngs/Shape_0.00_4.00.png
6,2,0.2,221,3.1,0.0,rew,pen_rew,0.22000000000000003,stims/white_pngs/Shape_3.10_0.00.png,0.2,0.007276296701904161,stims/white_pngs/Shape_0.00_0.00.png,stims/white_pngs/Shape_4.00_0.00.png
6,2,0.2,222,3.1,4.0,rew,rew_pen,-0.22000000000000003,stims/white_pngs/Shape_3.10_4.00.png,-0.2,-0.32123633412832675,stims/white_pngs/Shape_4.00_4.00.png,stims/white_pngs/Shape_0.00_4.00.png
6,2,0.2,223,3.1,0.0,rew,pen_rew,0.22000000000000003,stims/white_pngs/Shape_3.10_0.00.png,0.2,0.006131334100274444,stims/white_pngs/Shape_0.00_0.00.png,stims/white_pngs/Shape_4.00_0.00.png
6,2,0.2,224,3.3,4.0,rew,rew_pen,-0.25999999999999995,stims/white_pngs/Shape_3.30_4.00.png,-0.2,-0.11973311388225721,stims/white_pngs/Shape_4.00_4.00.png,stims/white_pngs/Shape_0.00_4.00.png
6,2,0.2,225,3.3,0.0,rew,pen_rew,0.25999999999999995,stims/white_pngs/Shape_3.30_0.00.png,0.2,0.15739346458312586,stims/white_pngs/Shape_0.00_0.00.png,stims/white_pngs/Shape_4.00_0.00.png
6,2,0.2,226,3.3,4.0,rew,rew_pen,-0.25999999999999995,stims/white_pngs/Shape_3.30_4.00.png,-0.2,-0.04199369176486911,stims/white_pngs/Shape_4.00_4.00.png,stims/white_pngs/Shape_0.00_4.00.png
6,2,0.2,227,3.3,0.0,rew,pen_rew,0.25999999999999995,stims/white_pngs/Shape_3.30_0.00.png,0.2,0.01958815880733561,stims/white_pngs/Shape_0.00_0.00.png,stims/white_pngs/Shape_4.00_0.00.png
6,2,0.2,228,3.5,4.0,rew,rew_pen,-0.30000000000000004,stims/white_pngs/Shape_3.50_4.00.png,-0.2,-0.17841125271873548,stims/white_pngs/Shape_4.00_4.00.png,stims/white_pngs/Shape_0.00_4.00.png
6,2,0.2,229,3.5,0.0,rew,pen_rew,0.30000000000000004,stims/white_pngs/Shape_3.50_0.00.png,0.2,0.057943856542049865,stims/white_pngs/Shape_0.00_0.00.png,stims/white_pngs/Shape_4.00_0.00.png
6,2,0.2,230,3.5,4.0,rew,rew_pen,-0.30000000000000004,stims/white_pngs/Shape_3.50_4.00.png,-0.2,-0.03250538983175,stims/white_pngs/Shape_4.00_4.00.png,stims/white_pngs/Shape_0.00_4.00.png
6,2,0.2,231,3.5,0.0,rew,pen_rew,0.30000000000000004,stims/white_pngs/Shape_3.50_0.00.png,0.2,0.034771026544434924,stims/white_pngs/Shape_0.00_0.00.png,stims/white_pngs/Shape_4.00_0.00.png
6,2,0.2,232,3.7,4.0,rew,rew_pen,-0.3400000000000001,stims/white_pngs/Shape_3.70_4.00.png,-0.2,-0.1825318214000724,stims/white_pngs/Shape_4.00_4.00.png,stims/white_pngs/Shape_0.00_4.00.png
6,2,0.2,233,3.7,0.0,rew,pen_rew,0.3400000000000001,stims/white_pngs/Shape_3.70_0.00.png,0.2,0.19751666484655506,stims/white_pngs/Shape_0.00_0.00.png,stims/white_pngs/Shape_4.00_0.00.png
6,2,0.2,234,3.7,4.0,rew,rew_pen,-0.3400000000000001,stims/white_pngs/Shape_3.70_4.00.png,-0.2,-0.10032951360895143,stims/white_pngs/Shape_4.00_4.00.png,stims/white_pngs/Shape_0.00_4.00.png
6,2,0.2,235,3.7,0.0,rew,pen_rew,0.3400000000000001,stims/white_pngs/Shape_3.70_0.00.png,0.2,0.05380604925688959,stims/white_pngs/Shape_0.00_0.00.png,stims/white_pngs/Shape_4.00_0.00.png
6,2,0.2,236,3.9,4.0,rew,rew_pen,-0.38,stims/white_pngs/Shape_3.90_4.00.png,-0.2,-0.12173150807163546,stims/white_pngs/Shape_4.00_4.00.png,stims/white_pngs/Shape_0.00_4.00.png
6,2,0.2,237,3.9,0.0,rew,pen_rew,0.38,stims/white_pngs/Shape_3.90_0.00.png,0.2,0.127436869586252,stims/white_pngs/Shape_0.00_0.00.png,stims/white_pngs/Shape_4.00_0.00.png
6,2,0.2,238,3.9,4.0,rew,rew_pen,-0.38,stims/white_pngs/Shape_3.90_4.00.png,-0.2,-0.24266143630080386,stims/white_pngs/Shape_4.00_4.00.png,stims/white_pngs/Shape_0.00_4.00.png
6,2,0.2,239,3.9,0.0,rew,pen_rew,0.38,stims/white_pngs/Shape_3.90_0.00.png,0.2,0.23281843880458053,stims/white_pngs/Shape_0.00_0.00.png,stims/white_pngs/Shape_4.00_0.00.png
