blockN,run,div,trial_key,stim_pos,noise_pos,val_C0F1,val_C1F0,valence_disp,target_pos,target_file,disp_div,anchor,img1_file,img2_file
1,1,0.0,0,0.1,0.0,pen,rew,pen_rew,-0.38,stims/white_pngs/Shape_0.10_0.00.png,0.0,-0.1266317942379973,stims/white_pngs/Shape_0.00_0.00.png,stims/white_pngs/Shape_4.00_0.00.png
1,1,0.0,1,0.1,4.0,pen,rew,rew_pen,0.38,stims/white_pngs/Shape_0.10_4.00.png,0.0,0.13399165380834954,stims/white_pngs/Shape_4.00_4.00.png,stims/white_pngs/Shape_0.00_4.00.png
1,1,0.0,2,0.3,0.0,pen,rew,pen_rew,-0.34,stims/white_pngs/Shape_0.30_0.00.png,0.0,-0.2219999742985489,stims/white_pngs/Shape_0.00_0.00.png,stims/white_pngs/Shape_4.00_0.00.png
1,1,0.0,3,0.3,4.0,pen,rew,rew_pen,0.34,stims/white_pngs/Shape_0.30_4.00.png,0.0,0.1352549136485799,stims/white_pngs/Shape_4.00_4.00.png,stims/white_pngs/Shape_0.00_4.00.png
1,1,0.0,4,0.5,0.0,pen,rew,pen_rew,-0.30000000000000004,stims/white_pngs/Shape_0.50_0.00.png,0.0,-0.005941126012026676,stims/white_pngs/Shape_0.00_0.00.png,stims/white_pngs/Shape_4.00_0.00.png
1,1,0.0,5,0.5,4.0,pen,rew,rew_pen,0.30000000000000004,stims/white_pngs/Shape_0.50_4.00.png,0.0,0.002855587816855576,stims/white_pngs/Shape_4.00_4.00.png,stims/white_pngs/Shape_0.00_4.00.png
1,1,0.0,6,0.7,0.0,pen,rew,pen_rew,-0.26,stims/white_pngs/Shape_0.70_0.00.png,0.0,-0.38318019953782,stims/white_pngs/Shape_0.00_0.00.png,stims/white_pngs/Shape_4.00_0.00.png
1,1,0.0,7,0.7,4.0,pen,rew,rew_pen,0.26,stims/white_pngs/Shape_0.70_4.00.png,0.0,0.12136807990522003,stims/white_pngs/Shape_4.00_4.00.png,stims/white_pngs/Shape_0.00_4.00.png
1,1,0.0,8,0.9,0.0,pen,rew,pen_rew,-0.22000000000000003,stims/white_pngs/Shape_0.90_0.00.png,0.0,-0.02975877326139803,stims/white_pngs/Shape_0.00_0.00.png,stims/white_pngs/Shape_4.00_0.00.png
1,1,0.0,9,0.9,4.0,pen,rew,rew_pen,0.22000000000000003,stims/white_pngs/Shape_0.90_4.00.png,0.0,0.07001644257092854,stims/white_pngs/Shape_4.00_4.00.png,stims/white_pngs/Shape_0.00_4.00.png
1,1,0.0,10,1.1,0.0,pen,rew,pen_rew,-0.18,stims/white_pngs/Shape_1.10_0.00.png,0.0,0.03359730345609979,stims/white_pngs/Shape_0.00_0.00.png,stims/white_pngs/Shape_4.00_0.00.png
1,1,0.0,11,1.1,4.0,pen,rew,rew_pen,0.18,stims/white_pngs/Shape_1.10_4.00.png,0.0,-0.017018695251219795,stims/white_pngs/Shape_4.00_4.00.png,stims/white_pngs/Shape_0.00_4.00.png
1,1,0.0,12,1.3,0.0,pen,rew,pen_rew,-0.13999999999999999,stims/white_pngs/Shape_1.30_0.00.png,0.0,-0.2764995909499315,stims/white_pngs/Shape_0.00_0.00.png,stims/white_pngs/Shape_4.00_0.00.png
1,1,0.0,13,1.3,4.0,pen,rew,rew_pen,0.13999999999999999,stims/white_pngs/Shape_1.30_4.00.png,0.0,0.37610342151168286,stims/white_pngs/Shape_4.00_4.00.png,stims/white_pngs/Shape_0.00_4.00.png
1,1,0.0,14,1.5,0.0,pen,rew,pen_rew,-0.1,stims/white_pngs/Shape_1.50_0.00.png,0.0,0.09192262141488089,stims/white_pngs/Shape_0.00_0.00.png,stims/white_pngs/Shape_4.00_0.00.png
1,1,0.0,15,1.5,4.0,pen,rew,rew_pen,0.1,stims/white_pngs/Shape_1.50_4.00.png,0.0,-0.10706846384259533,stims/white_pngs/Shape_4.00_4.00.png,stims/white_pngs/Shape_0.00_4.00.png
1,1,0.0,16,1.7,0.0,pen,rew,pen_rew,-0.06000000000000001,stims/white_pngs/Shape_1.70_0.00.png,0.0,0.1361495582074036,stims/white_pngs/Shape_0.00_0.00.png,stims/white_pngs/Shape_4.00_0.00.png
1,1,0.0,17,1.7,4.0,pen,rew,rew_pen,0.06000000000000001,stims/white_pngs/Shape_1.70_4.00.png,0.0,-0.09807679523880841,stims/white_pngs/Shape_4.00_4.00.png,stims/white_pngs/Shape_0.00_4.00.png
1,1,0.0,18,1.9,0.0,pen,rew,pen_rew,-0.020000000000000018,stims/white_pngs/Shape_1.90_0.00.png,0.0,-0.18279109044991168,stims/white_pngs/Shape_0.00_0.00.png,stims/white_pngs/Shape_4.00_0.00.png
1,1,0.0,19,1.9,4.0,pen,rew,rew_pen,0.020000000000000018,stims/white_pngs/Shape_1.90_4.00.png,0.0,-0.15183542329083624,stims/white_pngs/Shape_4.00_4.00.png,stims/white_pngs/Shape_0.00_4.00.png
1,1,0.0,20,2.1,0.0,rew,pen,pen_rew,0.020000000000000018,stims/white_pngs/Shape_2.10_0.00.png,0.0,-0.14877580937492585,stims/white_pngs/Shape_0.00_0.00.png,stims/white_pngs/Shape_4.00_0.00.png
1,1,0.0,21,2.1,4.0,rew,pen,rew_pen,-0.020000000000000018,stims/white_pngs/Shape_2.10_4.00.png,0.0,0.245449702385226,stims/white_pngs/Shape_4.00_4.00.png,stims/white_pngs/Shape_0.00_4.00.png
1,1,0.0,22,2.3,0.0,rew,pen,pen_rew,0.05999999999999997,stims/white_pngs/Shape_2.30_0.00.png,0.0,0.230753577675601,stims/white_pngs/Shape_0.00_0.00.png,stims/white_pngs/Shape_4.00_0.00.png
1,1,0.0,23,2.3,4.0,rew,pen,rew_pen,-0.05999999999999997,stims/white_pngs/Shape_2.30_4.00.png,0.0,0.23420442171468248,stims/white_pngs/Shape_4.00_4.00.png,stims/white_pngs/Shape_0.00_4.00.png
1,1,0.0,24,2.5,0.0,rew,pen,pen_rew,0.1,stims/white_pngs/Shape_2.50_0.00.png,0.0,-0.1463591122662679,stims/white_pngs/Shape_0.00_0.00.png,stims/white_pngs/Shape_4.00_0.00.png
1,1,0.0,25,2.5,4.0,rew,pen,rew_pen,-0.1,stims/white_pngs/Shape_2.50_4.00.png,0.0,0.02935728936537202,stims/white_pngs/Shape_4.00_4.00.png,stims/white_pngs/Shape_0.00_4.00.png
1,1,0.0,26,2.7,0.0,rew,pen,pen_rew,0.14000000000000004,stims/white_pngs/Shape_2.70_0.00.png,0.0,-0.08663808097059855,stims/white_pngs/Shape_0.00_0.00.png,stims/white_pngs/Shape_4.00_0.00.png
1,1,0.0,27,2.7,4.0,rew,pen,rew_pen,-0.14000000000000004,stims/white_pngs/Shape_2.70_4.00.png,0.0,-0.39446134045644143,stims/white_pngs/Shape_4.00_4.00.png,stims/white_pngs/Shape_0.00_4.00.png
1,1,0.0,28,2.9,0.0,rew,pen,pen_rew,0.18,stims/white_pngs/Shape_2.90_0.00.png,0.0,0.012639782229402097,stims/white_pngs/Shape_0.00_0.00.png,stims/white_pngs/Shape_4.00_0.00.png
1,1,0.0,29,2.9,4.0,rew,pen,rew_pen,-0.18,stims/white_pngs/Shape_2.90_4.00.png,0.0,0.10626298276974,stims/white_pngs/Shape_4.00_4.00.png,stims/white_pngs/Shape_0.00_4.00.png
1,1,0.0,30,3.1,0.0,rew,pen,pen_rew,0.22000000000000003,stims/white_pngs/Shape_3.10_0.00.png,0.0,0.3964407818721093,stims/white_pngs/Shape_0.00_0.00.png,stims/white_pngs/Shape_4.00_0.00.png
1,1,0.0,31,3.1,4.0,rew,pen,rew_pen,-0.22000000000000003,stims/white_pngs/Shape_3.10_4.00.png,0.0,0.02119188043529785,stims/white_pngs/Shape_4.00_4.00.png,stims/white_pngs/Shape_0.00_4.00.png
1,1,0.0,32,3.3,0.0,rew,pen,pen_rew,0.25999999999999995,stims/white_pngs/Shape_3.30_0.00.png,0.0,0.05459776844667302,stims/white_pngs/Shape_0.00_0.00.png,stims/white_pngs/Shape_4.00_0.00.png
1,1,0.0,33,3.3,4.0,rew,pen,rew_pen,-0.25999999999999995,stims/white_pngs/Shape_3.30_4.00.png,0.0,-0.08380913028126508,stims/white_pngs/Shape_4.00_4.00.png,stims/white_pngs/Shape_0.00_4.00.png
1,1,0.0,34,3.5,0.0,rew,pen,pen_rew,0.30000000000000004,stims/white_pngs/Shape_3.50_0.00.png,0.0,0.0644876577029021,stims/white_pngs/Shape_0.00_0.00.png,stims/white_pngs/Shape_4.00_0.00.png
1,1,0.0,35,3.5,4.0,rew,pen,rew_pen,-0.30000000000000004,stims/white_pngs/Shape_3.50_4.00.png,0.0,-0.14148314841030157,stims/white_pngs/Shape_4.00_4.00.png,stims/white_pngs/Shape_0.00_4.00.png
1,1,0.0,36,3.7,0.0,rew,pen,pen_rew,0.3400000000000001,stims/white_pngs/Shape_3.70_0.00.png,0.0,0.17318218838395183,stims/white_pngs/Shape_0.00_0.00.png,stims/white_pngs/Shape_4.00_0.00.png
1,1,0.0,37,3.7,4.0,rew,pen,rew_pen,-0.3400000000000001,stims/white_pngs/Shape_3.70_4.00.png,0.0,-0.07621560203323874,stims/white_pngs/Shape_4.00_4.00.png,stims/white_pngs/Shape_0.00_4.00.png
1,1,0.0,38,3.9,0.0,rew,pen,pen_rew,0.38,stims/white_pngs/Shape_3.90_0.00.png,0.0,0.2527320910174543,stims/white_pngs/Shape_0.00_0.00.png,stims/white_pngs/Shape_4.00_0.00.png
1,1,0.0,39,3.9,4.0,rew,pen,rew_pen,-0.38,stims/white_pngs/Shape_3.90_4.00.png,0.0,-0.2501537478128373,stims/white_pngs/Shape_4.00_4.00.png,stims/white_pngs/Shape_0.00_4.00.png
2,1,-0.2,40,0.1,0.0,pen,rew,pen_rew,-0.38,stims/white_pngs/Shape_0.10_0.00.png,-0.2,-0.16467420372115243,stims/white_pngs/Shape_0.00_0.00.png,stims/white_pngs/Shape_4.00_0.00.png
2,1,-0.2,41,0.1,4.0,pen,rew,rew_pen,0.38,stims/white_pngs/Shape_0.10_4.00.png,0.2,0.2050365058717899,stims/white_pngs/Shape_4.00_4.00.png,stims/white_pngs/Shape_0.00_4.00.png
2,1,-0.2,42,0.1,0.0,pen,rew,pen_rew,-0.38,stims/white_pngs/Shape_0.10_0.00.png,-0.2,-0.24851131659434814,stims/white_pngs/Shape_0.00_0.00.png,stims/white_pngs/Shape_4.00_0.00.png
2,1,-0.2,43,0.1,4.0,pen,rew,rew_pen,0.38,stims/white_pngs/Shape_0.10_4.00.png,0.2,0.19993410397235878,stims/white_pngs/Shape_4.00_4.00.png,stims/white_pngs/Shape_0.00_4.00.png
2,1,-0.2,44,0.3,0.0,pen,rew,pen_rew,-0.34,stims/white_pngs/Shape_0.30_0.00.png,-0.2,-0.10047414930831516,stims/white_pngs/Shape_0.00_0.00.png,stims/white_pngs/Shape_4.00_0.00.png
2,1,-0.2,45,0.3,4.0,pen,rew,rew_pen,0.34,stims/white_pngs/Shape_0.30_4.00.png,0.2,0.21887296375505794,stims/white_pngs/Shape_4.00_4.00.png,stims/white_pngs/Shape_0.00_4.00.png
2,1,-0.2,46,0.3,0.0,pen,rew,pen_rew,-0.34,stims/white_pngs/Shape_0.30_0.00.png,-0.2,-0.21258415658520446,stims/white_pngs/Shape_0.00_0.00.png,stims/white_pngs/Shape_4.00_0.00.png
2,1,-0.2,47,0.3,4.0,pen,rew,rew_pen,0.34,stims/white_pngs/Shape_0.30_4.00.png,0.2,0.13110061242492177,stims/white_pngs/Shape_4.00_4.00.png,stims/white_pngs/Shape_0.00_4.00.png
2,1,-0.2,48,0.5,0.0,pen,rew,pen_rew,-0.30000000000000004,stims/white_pngs/Shape_0.50_0.00.png,-0.2,-0.0319363496666486,stims/white_pngs/Shape_0.00_0.00.png,stims/white_pngs/Shape_4.00_0.00.png
2,1,-0.2,49,0.5,4.0,pen,rew,rew_pen,0.30000000000000004,stims/white_pngs/Shape_0.50_4.00.png,0.2,0.06797823466504871,stims/white_pngs/Shape_4.00_4.00.png,stims/white_pngs/Shape_0.00_4.00.png
2,1,-0.2,50,0.5,0.0,pen,rew,pen_rew,-0.30000000000000004,stims/white_pngs/Shape_0.50_0.00.png,-0.2,-0.18346686876648982,stims/white_pngs/Shape_0.00_0.00.png,stims/white_pngs/Shape_4.00_0.00.png
2,1,-0.2,51,0.5,4.0,pen,rew,rew_pen,0.30000000000000004,stims/white_pngs/Shape_0.50_4.00.png,0.2,0.01583912119374664,stims/white_pngs/Shape_4.00_4.00.png,stims/white_pngs/Shape_0.00_4.00.png
2,1,-0.2,52,0.7,0.0,pen,rew,pen_rew,-0.26,stims/white_pngs/Shape_0.70_0.00.png,-0.2,-0.06931895608559291,stims/white_pngs/Shape_0.00_0.00.png,stims/white_pngs/Shape_4.00_0.00.png
2,1,-0.2,53,0.7,4.0,pen,rew,rew_pen,0.26,stims/white_pngs/Shape_0.70_4.00.png,0.2,0.049431811905059686,stims/white_pngs/Shape_4.00_4.00.png,stims/white_pngs/Shape_0.00_4.00.png
2,1,-0.2,54,0.7,0.0,pen,rew,pen_rew,-0.26,stims/white_pngs/Shape_0.70_0.00.png,-0.2,-0.004498498934253692,stims/white_pngs/Shape_0.00_0.00.png,stims/white_pngs/Shape_4.00_0.00.png
2,1,-0.2,55,0.7,4.0,pen,rew,rew_pen,0.26,stims/white_pngs/Shape_0.70_4.00.png,0.2,-0.01925325724025706,stims/white_pngs/Shape_4.00_4.00.png,stims/white_pngs/Shape_0.00_4.00.png
2,1,-0.2,56,0.9,0.0,pen,rew,pen_rew,-0.22000000000000003,stims/white_pngs/Shape_0.90_0.00.png,-0.2,-0.012587806198915641,stims/white_pngs/Shape_0.00_0.00.png,stims/white_pngs/Shape_4.00_0.00.png
2,1,-0.2,57,0.9,4.0,pen,rew,rew_pen,0.22000000000000003,stims/white_pngs/Shape_0.90_4.00.png,0.2,-0.011968291346855231,stims/white_pngs/Shape_4.00_4.00.png,stims/white_pngs/Shape_0.00_4.00.png
2,1,-0.2,58,0.9,0.0,pen,rew,pen_rew,-0.22000000000000003,stims/white_pngs/Shape_0.90_0.00.png,-0.2,-0.11491957634910233,stims/white_pngs/Shape_0.00_0.00.png,stims/white_pngs/Shape_4.00_0.00.png
2,1,-0.2,59,0.9,4.0,pen,rew,rew_pen,0.22000000000000003,stims/white_pngs/Shape_0.90_4.00.png,0.2,-0.009475732312241636,stims/white_pngs/Shape_4.00_4.00.png,stims/white_pngs/Shape_0.00_4.00.png
2,1,-0.2,60,1.1,0.0,rew,pen,pen_rew,-0.18,stims/white_pngs/Shape_1.10_0.00.png,-0.2,0.06531076965106541,stims/white_pngs/Shape_0.00_0.00.png,stims/white_pngs/Shape_4.00_0.00.png
2,1,-0.2,61,1.1,4.0,rew,pen,rew_pen,0.18,stims/white_pngs/Shape_1.10_4.00.png,0.2,0.3884286172333994,stims/white_pngs/Shape_4.00_4.00.png,stims/white_pngs/Shape_0.00_4.00.png
2,1,-0.2,62,1.3,0.0,rew,pen,pen_rew,-0.13999999999999999,stims/white_pngs/Shape_1.30_0.00.png,-0.2,-0.03622819602373617,stims/white_pngs/Shape_0.00_0.00.png,stims/white_pngs/Shape_4.00_0.00.png
2,1,-0.2,63,1.3,4.0,rew,pen,rew_pen,0.13999999999999999,stims/white_pngs/Shape_1.30_4.00.png,0.2,-0.13716050341374858,stims/white_pngs/Shape_4.00_4.00.png,stims/white_pngs/Shape_0.00_4.00.png
2,1,-0.2,64,1.5,0.0,rew,pen,pen_rew,-0.1,stims/white_pngs/Shape_1.50_0.00.png,-0.2,0.042719570128519735,stims/white_pngs/Shape_0.00_0.00.png,stims/white_pngs/Shape_4.00_0.00.png
2,1,-0.2,65,1.5,4.0,rew,pen,rew_pen,0.1,stims/white_pngs/Shape_1.50_4.00.png,0.2,0.31864212684034665,stims/white_pngs/Shape_4.00_4.00.png,stims/white_pngs/Shape_0.00_4.00.png
2,1,-0.2,66,1.7,0.0,rew,pen,pen_rew,-0.06000000000000001,stims/white_pngs/Shape_1.70_0.00.png,-0.2,-0.2604560799874774,stims/white_pngs/Shape_0.00_0.00.png,stims/white_pngs/Shape_4.00_0.00.png
2,1,-0.2,67,1.7,4.0,rew,pen,rew_pen,0.06000000000000001,stims/white_pngs/Shape_1.70_4.00.png,0.2,-0.17895801531451028,stims/white_pngs/Shape_4.00_4.00.png,stims/white_pngs/Shape_0.00_4.00.png
2,1,-0.2,68,1.9,0.0,rew,pen,pen_rew,-0.020000000000000018,stims/white_pngs/Shape_1.90_0.00.png,-0.2,0.1481528613009705,stims/white_pngs/Shape_0.00_0.00.png,stims/white_pngs/Shape_4.00_0.00.png
2,1,-0.2,69,1.9,4.0,rew,pen,rew_pen,0.020000000000000018,stims/white_pngs/Shape_1.90_4.00.png,0.2,0.21591100929280926,stims/white_pngs/Shape_4.00_4.00.png,stims/white_pngs/Shape_0.00_4.00.png
2,1,-0.2,70,2.1,0.0,rew,pen,pen_rew,0.020000000000000018,stims/white_pngs/Shape_2.10_0.00.png,-0.2,0.2209033646182318,stims/white_pngs/Shape_0.00_0.00.png,stims/white_pngs/Shape_4.00_0.00.png
2,1,-0.2,71,2.1,4.0,rew,pen,rew_pen,-0.020000000000000018,stims/white_pngs/Shape_2.10_4.00.png,0.2,0.2401978080797913,stims/white_pngs/Shape_4.00_4.00.png,stims/white_pngs/Shape_0.00_4.00.png
2,1,-0.2,72,2.3,0.0,rew,pen,pen_rew,0.05999999999999997,stims/white_pngs/Shape_2.30_0.00.png,-0.2,0.1658398928339706,stims/white_pngs/Shape_0.00_0.00.png,stims/white_pngs/Shape_4.00_0.00.png
2,1,-0.2,73,2.3,4.0,rew,pen,rew_pen,-0.05999999999999997,stims/white_pngs/Shape_2.30_4.00.png,0.2,-0.2836968555514939,stims/white_pngs/Shape_4.00_4.00.png,stims/white_pngs/Shape_0.00_4.00.png
2,1,-0.2,74,2.5,0.0,rew,pen,pen_rew,0.1,stims/white_pngs/Shape_2.50_0.00.png,-0.2,-0.1399428789495185,stims/white_pngs/Shape_0.00_0.00.png,stims/white_pngs/Shape_4.00_0.00.png
2,1,-0.2,75,2.5,4.0,rew,pen,rew_pen,-0.1,stims/white_pngs/Shape_2.50_4.00.png,0.2,0.08366469501543722,stims/white_pngs/Shape_4.00_4.00.png,stims/white_pngs/Shape_0.00_4.00.png
2,1,-0.2,76,2.7,0.0,rew,pen,pen_rew,0.14000000000000004,stims/white_pngs/Shape_2.70_0.00.png,-0.2,0.24791912771522362,stims/white_pngs/Shape_0.00_0.00.png,stims/white_pngs/Shape_4.00_0.00.png
2,1,-0.2,77,2.7,4.0,rew,pen,rew_pen,-0.14000000000000004,stims/white_pngs/Shape_2.70_4.00.png,0.2,-0.27765240218973847,stims/white_pngs/Shape_4.00_4.00.png,stims/white_pngs/Shape_0.00_4.00.png
2,1,-0.2,78,2.9,0.0,rew,pen,pen_rew,0.18,stims/white_pngs/Shape_2.90_0.00.png,-0.2,0.02553348001145117,stims/white_pngs/Shape_0.00_0.00.png,stims/white_pngs/Shape_4.00_0.00.png
2,1,-0.2,79,2.9,4.0,rew,pen,rew_pen,-0.18,stims/white_pngs/Shape_2.90_4.00.png,0.2,-0.32182182417280086,stims/white_pngs/Shape_4.00_4.00.png,stims/white_pngs/Shape_0.00_4.00.png
3,1,0.2,80,1.1,0.0,pen,rew,pen_rew,-0.18,stims/white_pngs/Shape_1.10_0.00.png,0.2,0.024718223777481618,stims/white_pngs/Shape_0.00_0.00.png,stims/white_pngs/Shape_4.00_0.00.png
3,1,0.2,81,1.1,4.0,pen,rew,rew_pen,0.18,stims/white_pngs/Shape_1.10_4.00.png,-0.2,0.07607727307480261,stims/white_pngs/Shape_4.00_4.00.png,stims/white_pngs/Shape_0.00_4.00.png
3,1,0.2,82,1.3,0.0,pen,rew,pen_rew,-0.13999999999999999,stims/white_pngs/Shape_1.30_0.00.png,0.2,0.05456911913333273,stims/white_pngs/Shape_0.00_0.00.png,stims/white_pngs/Shape_4.00_0.00.png
3,1,0.2,83,1.3,4.0,pen,rew,rew_pen,0.13999999999999999,stims/white_pngs/Shape_1.30_4.00.png,-0.2,0.3936570730026313,stims/white_pngs/Shape_4.00_4.00.png,stims/white_pngs/Shape_0.00_4.00.png
3,1,0.2,84,1.5,0.0,pen,rew,pen_rew,-0.1,stims/white_pngs/Shape_1.50_0.00.png,0.2,0.008573148125641361,stims/white_pngs/Shape_0.00_0.00.png,stims/white_pngs/Shape_4.00_0.00.png
3,1,0.2,85,1.5,4.0,pen,rew,rew_pen,0.1,stims/white_pngs/Shape_1.50_4.00.png,-0.2,-0.08828692731265891,stims/white_pngs/Shape_4.00_4.00.png,stims/white_pngs/Shape_0.00_4.00.png
3,1,0.2,86,1.7,0.0,pen,rew,pen_rew,-0.06000000000000001,stims/white_pngs/Shape_1.70_0.00.png,0.2,0.11982193389038631,stims/white_pngs/Shape_0.00_0.00.png,stims/white_pngs/Shape_4.00_0.00.png
3,1,0.2,87,1.7,4.0,pen,rew,rew_pen,0.06000000000000001,stims/white_pngs/Shape_1.70_4.00.png,-0.2,0.19500210220230285,stims/white_pngs/Shape_4.00_4.00.png,stims/white_pngs/Shape_0.00_4.00.png
3,1,0.2,88,1.9,0.0,pen,rew,pen_rew,-0.020000000000000018,stims/white_pngs/Shape_1.90_0.00.png,0.2,-0.14517975422965396,stims/white_pngs/Shape_0.00_0.00.png,stims/white_pngs/Shape_4.00_0.00.png
3,1,0.2,89,1.9,4.0,pen,rew,rew_pen,0.020000000000000018,stims/white_pngs/Shape_1.90_4.00.png,-0.2,0.23161967128061056,stims/white_pngs/Shape_4.00_4.00.png,stims/white_pngs/Shape_0.00_4.00.png
3,1,0.2,90,2.1,0.0,pen,rew,pen_rew,0.020000000000000018,stims/white_pngs/Shape_2.10_0.00.png,0.2,-0.26163293513167707,stims/white_pngs/Shape_0.00_0.00.png,stims/white_pngs/Shape_4.00_0.00.png
3,1,0.2,91,2.1,4.0,pen,rew,rew_pen,-0.020000000000000018,stims/white_pngs/Shape_2.10_4.00.png,-0.2,0.12164658171828746,stims/white_pngs/Shape_4.00_4.00.png,stims/white_pngs/Shape_0.00_4.00.png
3,1,0.2,92,2.3,0.0,pen,rew,pen_rew,0.05999999999999997,stims/white_pngs/Shape_2.30_0.00.png,0.2,-0.12768890998093962,stims/white_pngs/Shape_0.00_0.00.png,stims/white_pngs/Shape_4.00_0.00.png
3,1,0.2,93,2.3,4.0,pen,rew,rew_pen,-0.05999999999999997,stims/white_pngs/Shape_2.30_4.00.png,-0.2,0.062489529759122475,stims/white_pngs/Shape_4.00_4.00.png,stims/white_pngs/Shape_0.00_4.00.png
3,1,0.2,94,2.5,0.0,pen,rew,pen_rew,0.1,stims/white_pngs/Shape_2.50_0.00.png,0.2,-0.1158807263660106,stims/white_pngs/Shape_0.00_0.00.png,stims/white_pngs/Shape_4.00_0.00.png
3,1,0.2,95,2.5,4.0,pen,rew,rew_pen,-0.1,stims/white_pngs/Shape_2.50_4.00.png,-0.2,-0.20407844422329324,stims/white_pngs/Shape_4.00_4.00.png,stims/white_pngs/Shape_0.00_4.00.png
3,1,0.2,96,2.7,0.0,pen,rew,pen_rew,0.14000000000000004,stims/white_pngs/Shape_2.70_0.00.png,0.2,0.30042444714536065,stims/white_pngs/Shape_0.00_0.00.png,stims/white_pngs/Shape_4.00_0.00.png
3,1,0.2,97,2.7,4.0,pen,rew,rew_pen,-0.14000000000000004,stims/white_pngs/Shape_2.70_4.00.png,-0.2,0.01033348520499483,stims/white_pngs/Shape_4.00_4.00.png,stims/white_pngs/Shape_0.00_4.00.png
3,1,0.2,98,2.9,0.0,pen,rew,pen_rew,0.18,stims/white_pngs/Shape_2.90_0.00.png,0.2,0.2954857941951793,stims/white_pngs/Shape_0.00_0.00.png,stims/white_pngs/Shape_4.00_0.00.png
3,1,0.2,99,2.9,4.0,pen,rew,rew_pen,-0.18,stims/white_pngs/Shape_2.90_4.00.png,-0.2,0.006427525252618249,stims/white_pngs/Shape_4.00_4.00.png,stims/white_pngs/Shape_0.00_4.00.png
3,1,0.2,100,3.1,0.0,rew,pen,pen_rew,0.22000000000000003,stims/white_pngs/Shape_3.10_0.00.png,0.2,0.0209664498401666,stims/white_pngs/Shape_0.00_0.00.png,stims/white_pngs/Shape_4.00_0.00.png
3,1,0.2,101,3.1,4.0,rew,pen,rew_pen,-0.22000000000000003,stims/white_pngs/Shape_3.10_4.00.png,-0.2,0.054413828391516095,stims/white_pngs/Shape_4.00_4.00.png,stims/white_pngs/Shape_0.00_4.00.png
3,1,0.2,102,3.1,0.0,rew,pen,pen_rew,0.22000000000000003,stims/white_pngs/Shape_3.10_0.00.png,0.2,0.06782493397929618,stims/white_pngs/Shape_0.00_0.00.png,stims/white_pngs/Shape_4.00_0.00.png
3,1,0.2,103,3.1,4.0,rew,pen,rew_pen,-0.22000000000000003,stims/white_pngs/Shape_3.10_4.00.png,-0.2,-0.049148369978655626,stims/white_pngs/Shape_4.00_4.00.png,stims/white_pngs/Shape_0.00_4.00.png
3,1,0.2,104,3.3,0.0,rew,pen,pen_rew,0.25999999999999995,stims/white_pngs/Shape_3.30_0.00.png,0.2,0.14739721182791132,stims/white_pngs/Shape_0.00_0.00.png,stims/white_pngs/Shape_4.00_0.00.png
3,1,0.2,105,3.3,4.0,rew,pen,rew_pen,-0.25999999999999995,stims/white_pngs/Shape_3.30_4.00.png,-0.2,0.022189023993578083,stims/white_pngs/Shape_4.00_4.00.png,stims/white_pngs/Shape_0.00_4.00.png
3,1,0.2,106,3.3,0.0,rew,pen,pen_rew,0.25999999999999995,stims/white_pngs/Shape_3.30_0.00.png,0.2,-0.004415609729334968,stims/white_pngs/Shape_0.00_0.00.png,stims/white_pngs/Shape_4.00_0.00.png
3,1,0.2,107,3.3,4.0,rew,pen,rew_pen,-0.25999999999999995,stims/white_pngs/Shape_3.30_4.00.png,-0.2,-0.03586898347197687,stims/white_pngs/Shape_4.00_4.00.png,stims/white_pngs/Shape_0.00_4.00.png
3,1,0.2,108,3.5,0.0,rew,pen,pen_rew,0.30000000000000004,stims/white_pngs/Shape_3.50_0.00.png,0.2,0.0524728356247815,stims/white_pngs/Shape_0.00_0.00.png,stims/white_pngs/Shape_4.00_0.00.png
3,1,0.2,109,3.5,4.0,rew,pen,rew_pen,-0.30000000000000004,stims/white_pngs/Shape_3.50_4.00.png,-0.2,-0.1220230961258218,stims/white_pngs/Shape_4.00_4.00.png,stims/white_pngs/Shape_0.00_4.00.png
3,1,0.2,110,3.5,0.0,rew,pen,pen_rew,0.30000000000000004,stims/white_pngs/Shape_3.50_0.00.png,0.2,0.1560232768215395,stims/white_pngs/Shape_0.00_0.00.png,stims/white_pngs/Shape_4.00_0.00.png
3,1,0.2,111,3.5,4.0,rew,pen,rew_pen,-0.30000000000000004,stims/white_pngs/Shape_3.50_4.00.png,-0.2,-0.04664406519223718,stims/white_pngs/Shape_4.00_4.00.png,stims/white_pngs/Shape_0.00_4.00.png
3,1,0.2,112,3.7,0.0,rew,pen,pen_rew,0.3400000000000001,stims/white_pngs/Shape_3.70_0.00.png,0.2,0.1814150063695239,stims/white_pngs/Shape_0.00_0.00.png,stims/white_pngs/Shape_4.00_0.00.png
3,1,0.2,113,3.7,4.0,rew,pen,rew_pen,-0.3400000000000001,stims/white_pngs/Shape_3.70_4.00.png,-0.2,-0.13410703131657897,stims/white_pngs/Shape_4.00_4.00.png,stims/white_pngs/Shape_0.00_4.00.png
3,1,0.2,114,3.7,0.0,rew,pen,pen_rew,0.3400000000000001,stims/white_pngs/Shape_3.70_0.00.png,0.2,0.20149758161051112,stims/white_pngs/Shape_0.00_0.00.png,stims/white_pngs/Shape_4.00_0.00.png
3,1,0.2,115,3.7,4.0,rew,pen,rew_pen,-0.3400000000000001,stims/white_pngs/Shape_3.70_4.00.png,-0.2,-0.14032937069935864,stims/white_pngs/Shape_4.00_4.00.png,stims/white_pngs/Shape_0.00_4.00.png
3,1,0.2,116,3.9,0.0,rew,pen,pen_rew,0.38,stims/white_pngs/Shape_3.90_0.00.png,0.2,0.21839095967217537,stims/white_pngs/Shape_0.00_0.00.png,stims/white_pngs/Shape_4.00_0.00.png
3,1,0.2,117,3.9,4.0,rew,pen,rew_pen,-0.38,stims/white_pngs/Shape_3.90_4.00.png,-0.2,-0.1417592952910871,stims/white_pngs/Shape_4.00_4.00.png,stims/white_pngs/Shape_0.00_4.00.png
3,1,0.2,118,3.9,0.0,rew,pen,pen_rew,0.38,stims/white_pngs/Shape_3.90_0.00.png,0.2,0.1318173376949039,stims/white_pngs/Shape_0.00_0.00.png,stims/white_pngs/Shape_4.00_0.00.png
3,1,0.2,119,3.9,4.0,rew,pen,rew_pen,-0.38,stims/white_pngs/Shape_3.90_4.00.png,-0.2,-0.15777144951385652,stims/white_pngs/Shape_4.00_4.00.png,stims/white_pngs/Shape_0.00_4.00.png
4,2,0.0,120,0.1,4.0,pen,rew,rew_pen,0.38,stims/white_pngs/Shape_0.10_4.00.png,0.0,0.09872806939244849,stims/white_pngs/Shape_4.00_4.00.png,stims/white_pngs/Shape_0.00_4.00.png
4,2,0.0,121,0.1,0.0,pen,rew,pen_rew,-0.38,stims/white_pngs/Shape_0.10_0.00.png,0.0,-0.12114217422283746,stims/white_pngs/Shape_0.00_0.00.png,stims/white_pngs/Shape_4.00_0.00.png
4,2,0.0,122,0.3,4.0,pen,rew,rew_pen,0.34,stims/white_pngs/Shape_0.30_4.00.png,0.0,0.13416122654877793,stims/white_pngs/Shape_4.00_4.00.png,stims/white_pngs/Shape_0.00_4.00.png
4,2,0.0,123,0.3,0.0,pen,rew,pen_rew,-0.34,stims/white_pngs/Shape_0.30_0.00.png,0.0,-0.14937047070856652,stims/white_pngs/Shape_0.00_0.00.png,stims/white_pngs/Shape_4.00_0.00.png
4,2,0.0,124,0.5,4.0,pen,rew,rew_pen,0.30000000000000004,stims/white_pngs/Shape_0.50_4.00.png,0.0,0.08822799152032984,stims/white_pngs/Shape_4.00_4.00.png,stims/white_pngs/Shape_0.00_4.00.png
4,2,0.0,125,0.5,0.0,pen,rew,pen_rew,-0.30000000000000004,stims/white_pngs/Shape_0.50_0.00.png,0.0,-0.14312884259290864,stims/white_pngs/Shape_0.00_0.00.png,stims/white_pngs/Shape_4.00_0.00.png
4,2,0.0,126,0.7,4.0,pen,rew,rew_pen,0.26,stims/white_pngs/Shape_0.70_4.00.png,0.0,0.13618126067797065,stims/white_pngs/Shape_4.00_4.00.png,stims/white_pngs/Shape_0.00_4.00.png
4,2,0.0,127,0.7,0.0,pen,rew,pen_rew,-0.26,stims/white_pngs/Shape_0.70_0.00.png,0.0,-0.019855551391450343,stims/white_pngs/Shape_0.00_0.00.png,stims/white_pngs/Shape_4.00_0.00.png
4,2,0.0,128,0.9,4.0,pen,rew,rew_pen,0.22000000000000003,stims/white_pngs/Shape_0.90_4.00.png,0.0,0.3283838016711791,stims/white_pngs/Shape_4.00_4.00.png,stims/white_pngs/Shape_0.00_4.00.png
4,2,0.0,129,0.9,0.0,pen,rew,pen_rew,-0.22000000000000003,stims/white_pngs/Shape_0.90_0.00.png,0.0,-0.3375082891594665,stims/white_pngs/Shape_0.00_0.00.png,stims/white_pngs/Shape_4.00_0.00.png
4,2,0.0,130,1.1,4.0,pen,rew,rew_pen,0.18,stims/white_pngs/Shape_1.10_4.00.png,0.0,-0.1177326430123466,stims/white_pngs/Shape_4.00_4.00.png,stims/white_pngs/Shape_0.00_4.00.png
4,2,0.0,131,1.1,0.0,pen,rew,pen_rew,-0.18,stims/white_pngs/Shape_1.10_0.00.png,0.0,-0.36078592463720566,stims/white_pngs/Shape_0.00_0.00.png,stims/white_pngs/Shape_4.00_0.00.png
4,2,0.0,132,1.3,4.0,pen,rew,rew_pen,0.13999999999999999,stims/white_pngs/Shape_1.30_4.00.png,0.0,0.31709132131950235,stims/white_pngs/Shape_4.00_4.00.png,stims/white_pngs/Shape_0.00_4.00.png
4,2,0.0,133,1.3,0.0,pen,rew,pen_rew,-0.13999999999999999,stims/white_pngs/Shape_1.30_0.00.png,0.0,-0.009653467833618035,stims/white_pngs/Shape_0.00_0.00.png,stims/white_pngs/Shape_4.00_0.00.png
4,2,0.0,134,1.5,4.0,pen,rew,rew_pen,0.1,stims/white_pngs/Shape_1.50_4.00.png,0.0,0.33007040791203124,stims/white_pngs/Shape_4.00_4.00.png,stims/white_pngs/Shape_0.00_4.00.png
4,2,0.0,135,1.5,0.0,pen,rew,pen_rew,-0.1,stims/white_pngs/Shape_1.50_0.00.png,0.0,-0.3738451065875338,stims/white_pngs/Shape_0.00_0.00.png,stims/white_pngs/Shape_4.00_0.00.png
4,2,0.0,136,1.7,4.0,pen,rew,rew_pen,0.06000000000000001,stims/white_pngs/Shape_1.70_4.00.png,0.0,-0.06028579815792223,stims/white_pngs/Shape_4.00_4.00.png,stims/white_pngs/Shape_0.00_4.00.png
4,2,0.0,137,1.7,0.0,pen,rew,pen_rew,-0.06000000000000001,stims/white_pngs/Shape_1.70_0.00.png,0.0,0.14244052382873607,stims/white_pngs/Shape_0.00_0.00.png,stims/white_pngs/Shape_4.00_0.00.png
4,2,0.0,138,1.9,4.0,pen,rew,rew_pen,0.020000000000000018,stims/white_pngs/Shape_1.90_4.00.png,0.0,-0.08801346212597172,stims/white_pngs/Shape_4.00_4.00.png,stims/white_pngs/Shape_0.00_4.00.png
4,2,0.0,139,1.9,0.0,pen,rew,pen_rew,-0.020000000000000018,stims/white_pngs/Shape_1.90_0.00.png,0.0,-0.28236177789609135,stims/white_pngs/Shape_0.00_0.00.png,stims/white_pngs/Shape_4.00_0.00.png
4,2,0.0,140,2.1,4.0,rew,pen,rew_pen,-0.020000000000000018,stims/white_pngs/Shape_2.10_4.00.png,0.0,-0.263069145748615,stims/white_pngs/Shape_4.00_4.00.png,stims/white_pngs/Shape_0.00_4.00.png
4,2,0.0,141,2.1,0.0,rew,pen,pen_rew,0.020000000000000018,stims/white_pngs/Shape_2.10_0.00.png,0.0,0.28199727378275374,stims/white_pngs/Shape_0.00_0.00.png,stims/white_pngs/Shape_4.00_0.00.png
4,2,0.0,142,2.3,4.0,rew,pen,rew_pen,-0.05999999999999997,stims/white_pngs/Shape_2.30_4.00.png,0.0,-0.16835906928328903,stims/white_pngs/Shape_4.00_4.00.png,stims/white_pngs/Shape_0.00_4.00.png
4,2,0.0,143,2.3,0.0,rew,pen,pen_rew,0.05999999999999997,stims/white_pngs/Shape_2.30_0.00.png,0.0,0.3374377162214257,stims/white_pngs/Shape_0.00_0.00.png,stims/white_pngs/Shape_4.00_0.00.png
4,2,0.0,144,2.5,4.0,rew,pen,rew_pen,-0.1,stims/white_pngs/Shape_2.50_4.00.png,0.0,-0.3898539587415136,stims/white_pngs/Shape_4.00_4.00.png,stims/white_pngs/Shape_0.00_4.00.png
4,2,0.0,145,2.5,0.0,rew,pen,pen_rew,0.1,stims/white_pngs/Shape_2.50_0.00.png,0.0,-0.1850585865949407,stims/white_pngs/Shape_0.00_0.00.png,stims/white_pngs/Shape_4.00_0.00.png
4,2,0.0,146,2.7,4.0,rew,pen,rew_pen,-0.14000000000000004,stims/white_pngs/Shape_2.70_4.00.png,0.0,0.06733787158252175,stims/white_pngs/Shape_4.00_4.00.png,stims/white_pngs/Shape_0.00_4.00.png
4,2,0.0,147,2.7,0.0,rew,pen,pen_rew,0.14000000000000004,stims/white_pngs/Shape_2.70_0.00.png,0.0,0.026921934257420232,stims/white_pngs/Shape_0.00_0.00.png,stims/white_pngs/Shape_4.00_0.00.png
4,2,0.0,148,2.9,4.0,rew,pen,rew_pen,-0.18,stims/white_pngs/Shape_2.90_4.00.png,0.0,-0.3788780544995465,stims/white_pngs/Shape_4.00_4.00.png,stims/white_pngs/Shape_0.00_4.00.png
4,2,0.0,149,2.9,0.0,rew,pen,pen_rew,0.18,stims/white_pngs/Shape_2.90_0.00.png,0.0,0.02552466681699117,stims/white_pngs/Shape_0.00_0.00.png,stims/white_pngs/Shape_4.00_0.00.png
4,2,0.0,150,3.1,4.0,rew,pen,rew_pen,-0.22000000000000003,stims/white_pngs/Shape_3.10_4.00.png,0.0,-0.3264298027745993,stims/white_pngs/Shape_4.00_4.00.png,stims/white_pngs/Shape_0.00_4.00.png
4,2,0.0,151,3.1,0.0,rew,pen,pen_rew,0.22000000000000003,stims/white_pngs/Shape_3.10_0.00.png,0.0,0.10133102237631975,stims/white_pngs/Shape_0.00_0.00.png,stims/white_pngs/Shape_4.00_0.00.png
4,2,0.0,152,3.3,4.0,rew,pen,rew_pen,-0.25999999999999995,stims/white_pngs/Shape_3.30_4.00.png,0.0,0.03672251696738166,stims/white_pngs/Shape_4.00_4.00.png,stims/white_pngs/Shape_0.00_4.00.png
4,2,0.0,153,3.3,0.0,rew,pen,pen_rew,0.25999999999999995,stims/white_pngs/Shape_3.30_0.00.png,0.0,0.07632348729588234,stims/white_pngs/Shape_0.00_0.00.png,stims/white_pngs/Shape_4.00_0.00.png
4,2,0.0,154,3.5,4.0,rew,pen,rew_pen,-0.30000000000000004,stims/white_pngs/Shape_3.50_4.00.png,0.0,-0.08126038088117182,stims/white_pngs/Shape_4.00_4.00.png,stims/white_pngs/Shape_0.00_4.00.png
4,2,0.0,155,3.5,0.0,rew,pen,pen_rew,0.30000000000000004,stims/white_pngs/Shape_3.50_0.00.png,0.0,0.0672531405930138,stims/white_pngs/Shape_0.00_0.00.png,stims/white_pngs/Shape_4.00_0.00.png
4,2,0.0,156,3.7,4.0,rew,pen,rew_pen,-0.3400000000000001,stims/white_pngs/Shape_3.70_4.00.png,0.0,-0.20258785462150436,stims/white_pngs/Shape_4.00_4.00.png,stims/white_pngs/Shape_0.00_4.00.png
4,2,0.0,157,3.7,0.0,rew,pen,pen_rew,0.3400000000000001,stims/white_pngs/Shape_3.70_0.00.png,0.0,0.08337747128529926,stims/white_pngs/Shape_0.00_0.00.png,stims/white_pngs/Shape_4.00_0.00.png
4,2,0.0,158,3.9,4.0,rew,pen,rew_pen,-0.38,stims/white_pngs/Shape_3.90_4.00.png,0.0,-0.20305181163670227,stims/white_pngs/Shape_4.00_4.00.png,stims/white_pngs/Shape_0.00_4.00.png
4,2,0.0,159,3.9,0.0,rew,pen,pen_rew,0.38,stims/white_pngs/Shape_3.90_0.00.png,0.0,0.2623135059670726,stims/white_pngs/Shape_0.00_0.00.png,stims/white_pngs/Shape_4.00_0.00.png
5,2,-0.2,160,0.1,4.0,pen,rew,rew_pen,0.38,stims/white_pngs/Shape_0.10_4.00.png,0.2,0.17701545807174757,stims/white_pngs/Shape_4.00_4.00.png,stims/white_pngs/Shape_0.00_4.00.png
5,2,-0.2,161,0.1,0.0,pen,rew,pen_rew,-0.38,stims/white_pngs/Shape_0.10_0.00.png,-0.2,-0.2687064310744496,stims/white_pngs/Shape_0.00_0.00.png,stims/white_pngs/Shape_4.00_0.00.png
5,2,-0.2,162,0.1,4.0,pen,rew,rew_pen,0.38,stims/white_pngs/Shape_0.10_4.00.png,0.2,0.27295862844266694,stims/white_pngs/Shape_4.00_4.00.png,stims/white_pngs/Shape_0.00_4.00.png
5,2,-0.2,163,0.1,0.0,pen,rew,pen_rew,-0.38,stims/white_pngs/Shape_0.10_0.00.png,-0.2,-0.26705577131664493,stims/white_pngs/Shape_0.00_0.00.png,stims/white_pngs/Shape_4.00_0.00.png
5,2,-0.2,164,0.3,4.0,pen,rew,rew_pen,0.34,stims/white_pngs/Shape_0.30_4.00.png,0.2,0.1167965927966057,stims/white_pngs/Shape_4.00_4.00.png,stims/white_pngs/Shape_0.00_4.00.png
5,2,-0.2,165,0.3,0.0,pen,rew,pen_rew,-0.34,stims/white_pngs/Shape_0.30_0.00.png,-0.2,-0.17040506414779444,stims/white_pngs/Shape_0.00_0.00.png,stims/white_pngs/Shape_4.00_0.00.png
5,2,-0.2,166,0.3,4.0,pen,rew,rew_pen,0.34,stims/white_pngs/Shape_0.30_4.00.png,0.2,0.06314737019583927,stims/white_pngs/Shape_4.00_4.00.png,stims/white_pngs/Shape_0.00_4.00.png
5,2,-0.2,167,0.3,0.0,pen,rew,pen_rew,-0.34,stims/white_pngs/Shape_0.30_0.00.png,-0.2,-0.1787579857079684,stims/white_pngs/Shape_0.00_0.00.png,stims/white_pngs/Shape_4.00_0.00.png
5,2,-0.2,168,0.5,4.0,pen,rew,rew_pen,0.30000000000000004,stims/white_pngs/Shape_0.50_4.00.png,0.2,0.10988028084594292,stims/white_pngs/Shape_4.00_4.00.png,stims/white_pngs/Shape_0.00_4.00.png
5,2,-0.2,169,0.5,0.0,pen,rew,pen_rew,-0.30000000000000004,stims/white_pngs/Shape_0.50_0.00.png,-0.2,-0.06261438299316896,stims/white_pngs/Shape_0.00_0.00.png,stims/white_pngs/Shape_4.00_0.00.png
5,2,-0.2,170,0.5,4.0,pen,rew,rew_pen,0.30000000000000004,stims/white_pngs/Shape_0.50_4.00.png,0.2,0.07392092454290572,stims/white_pngs/Shape_4.00_4.00.png,stims/white_pngs/Shape_0.00_4.00.png
5,2,-0.2,171,0.5,0.0,pen,rew,pen_rew,-0.30000000000000004,stims/white_pngs/Shape_0.50_0.00.png,-0.2,-0.022968168996389315,stims/white_pngs/Shape_0.00_0.00.png,stims/white_pngs/Shape_4.00_0.00.png
5,2,-0.2,172,0.7,4.0,pen,rew,rew_pen,0.26,stims/white_pngs/Shape_0.70_4.00.png,0.2,0.05348399797320258,stims/white_pngs/Shape_4.00_4.00.png,stims/white_pngs/Shape_0.00_4.00.png
5,2,-0.2,173,0.7,0.0,pen,rew,pen_rew,-0.26,stims/white_pngs/Shape_0.70_0.00.png,-0.2,-0.00013596898903089905,stims/white_pngs/Shape_0.00_0.00.png,stims/white_pngs/Shape_4.00_0.00.png
5,2,-0.2,174,0.7,4.0,pen,rew,rew_pen,0.26,stims/white_pngs/Shape_0.70_4.00.png,0.2,0.11018902336115466,stims/white_pngs/Shape_4.00_4.00.png,stims/white_pngs/Shape_0.00_4.00.png
5,2,-0.2,175,0.7,0.0,pen,rew,pen_rew,-0.26,stims/white_pngs/Shape_0.70_0.00.png,-0.2,-0.11198106269839514,stims/white_pngs/Shape_0.00_0.00.png,stims/white_pngs/Shape_4.00_0.00.png
5,2,-0.2,176,0.9,4.0,pen,rew,rew_pen,0.22000000000000003,stims/white_pngs/Shape_0.90_4.00.png,0.2,0.35027465784555767,stims/white_pngs/Shape_4.00_4.00.png,stims/white_pngs/Shape_0.00_4.00.png
5,2,-0.2,177,0.9,0.0,pen,rew,pen_rew,-0.22000000000000003,stims/white_pngs/Shape_0.90_0.00.png,-0.2,-0.08587064907158692,stims/white_pngs/Shape_0.00_0.00.png,stims/white_pngs/Shape_4.00_0.00.png
5,2,-0.2,178,0.9,4.0,pen,rew,rew_pen,0.22000000000000003,stims/white_pngs/Shape_0.90_4.00.png,0.2,0.35171829066438776,stims/white_pngs/Shape_4.00_4.00.png,stims/white_pngs/Shape_0.00_4.00.png
5,2,-0.2,179,0.9,0.0,pen,rew,pen_rew,-0.22000000000000003,stims/white_pngs/Shape_0.90_0.00.png,-0.2,-0.05443988805527755,stims/white_pngs/Shape_0.00_0.00.png,stims/white_pngs/Shape_4.00_0.00.png
5,2,-0.2,180,1.1,4.0,rew,pen,rew_pen,0.18,stims/white_pngs/Shape_1.10_4.00.png,0.2,0.38776179969665003,stims/white_pngs/Shape_4.00_4.00.png,stims/white_pngs/Shape_0.00_4.00.png
5,2,-0.2,181,1.1,0.0,rew,pen,pen_rew,-0.18,stims/white_pngs/Shape_1.10_0.00.png,-0.2,-0.39314457455986,stims/white_pngs/Shape_0.00_0.00.png,stims/white_pngs/Shape_4.00_0.00.png
5,2,-0.2,182,1.3,4.0,rew,pen,rew_pen,0.13999999999999999,stims/white_pngs/Shape_1.30_4.00.png,0.2,0.38742655438779505,stims/white_pngs/Shape_4.00_4.00.png,stims/white_pngs/Shape_0.00_4.00.png
5,2,-0.2,183,1.3,0.0,rew,pen,pen_rew,-0.13999999999999999,stims/white_pngs/Shape_1.30_0.00.png,-0.2,-0.30184160777093844,stims/white_pngs/Shape_0.00_0.00.png,stims/white_pngs/Shape_4.00_0.00.png
5,2,-0.2,184,1.5,4.0,rew,pen,rew_pen,0.1,stims/white_pngs/Shape_1.50_4.00.png,0.2,-0.16069071295841245,stims/white_pngs/Shape_4.00_4.00.png,stims/white_pngs/Shape_0.00_4.00.png
5,2,-0.2,185,1.5,0.0,rew,pen,pen_rew,-0.1,stims/white_pngs/Shape_1.50_0.00.png,-0.2,-0.2614268223493388,stims/white_pngs/Shape_0.00_0.00.png,stims/white_pngs/Shape_4.00_0.00.png
5,2,-0.2,186,1.7,4.0,rew,pen,rew_pen,0.06000000000000001,stims/white_pngs/Shape_1.70_4.00.png,0.2,-0.105042755767633,stims/white_pngs/Shape_4.00_4.00.png,stims/white_pngs/Shape_0.00_4.00.png
5,2,-0.2,187,1.7,0.0,rew,pen,pen_rew,-0.06000000000000001,stims/white_pngs/Shape_1.70_0.00.png,-0.2,-0.25506596840400536,stims/white_pngs/Shape_0.00_0.00.png,stims/white_pngs/Shape_4.00_0.00.png
5,2,-0.2,188,1.9,4.0,rew,pen,rew_pen,0.020000000000000018,stims/white_pngs/Shape_1.90_4.00.png,0.2,0.1505215442522363,stims/white_pngs/Shape_4.00_4.00.png,stims/white_pngs/Shape_0.00_4.00.png
5,2,-0.2,189,1.9,0.0,rew,pen,pen_rew,-0.020000000000000018,stims/white_pngs/Shape_1.90_0.00.png,-0.2,0.1736976443469379,stims/white_pngs/Shape_0.00_0.00.png,stims/white_pngs/Shape_4.00_0.00.png
5,2,-0.2,190,2.1,4.0,rew,pen,rew_pen,-0.020000000000000018,stims/white_pngs/Shape_2.10_4.00.png,0.2,0.15094456675111956,stims/white_pngs/Shape_4.00_4.00.png,stims/white_pngs/Shape_0.00_4.00.png
5,2,-0.2,191,2.1,0.0,rew,pen,pen_rew,0.020000000000000018,stims/white_pngs/Shape_2.10_0.00.png,-0.2,-0.14783854329856583,stims/white_pngs/Shape_0.00_0.00.png,stims/white_pngs/Shape_4.00_0.00.png
5,2,-0.2,192,2.3,4.0,rew,pen,rew_pen,-0.05999999999999997,stims/white_pngs/Shape_2.30_4.00.png,0.2,-0.21979877171260043,stims/white_pngs/Shape_4.00_4.00.png,stims/white_pngs/Shape_0.00_4.00.png
5,2,-0.2,193,2.3,0.0,rew,pen,pen_rew,0.05999999999999997,stims/white_pngs/Shape_2.30_0.00.png,-0.2,0.35560639427806184,stims/white_pngs/Shape_0.00_0.00.png,stims/white_pngs/Shape_4.00_0.00.png
5,2,-0.2,194,2.5,4.0,rew,pen,rew_pen,-0.1,stims/white_pngs/Shape_2.50_4.00.png,0.2,-0.2964875668579537,stims/white_pngs/Shape_4.00_4.00.png,stims/white_pngs/Shape_0.00_4.00.png
5,2,-0.2,195,2.5,0.0,rew,pen,pen_rew,0.1,stims/white_pngs/Shape_2.50_0.00.png,-0.2,0.38952982880842446,stims/white_pngs/Shape_0.00_0.00.png,stims/white_pngs/Shape_4.00_0.00.png
5,2,-0.2,196,2.7,4.0,rew,pen,rew_pen,-0.14000000000000004,stims/white_pngs/Shape_2.70_4.00.png,0.2,0.06207899226211461,stims/white_pngs/Shape_4.00_4.00.png,stims/white_pngs/Shape_0.00_4.00.png
5,2,-0.2,197,2.7,0.0,rew,pen,pen_rew,0.14000000000000004,stims/white_pngs/Shape_2.70_0.00.png,-0.2,0.25847866659044827,stims/white_pngs/Shape_0.00_0.00.png,stims/white_pngs/Shape_4.00_0.00.png
5,2,-0.2,198,2.9,4.0,rew,pen,rew_pen,-0.18,stims/white_pngs/Shape_2.90_4.00.png,0.2,0.041549091622167356,stims/white_pngs/Shape_4.00_4.00.png,stims/white_pngs/Shape_0.00_4.00.png
5,2,-0.2,199,2.9,0.0,rew,pen,pen_rew,0.18,stims/white_pngs/Shape_2.90_0.00.png,-0.2,0.039056989246577856,stims/white_pngs/Shape_0.00_0.00.png,stims/white_pngs/Shape_4.00_0.00.png
6,2,0.2,200,1.1,4.0,pen,rew,rew_pen,0.18,stims/white_pngs/Shape_1.10_4.00.png,-0.2,0.29696907893944535,stims/white_pngs/Shape_4.00_4.00.png,stims/white_pngs/Shape_0.00_4.00.png
6,2,0.2,201,1.1,0.0,pen,rew,pen_rew,-0.18,stims/white_pngs/Shape_1.10_0.00.png,0.2,-0.049305129256261904,stims/white_pngs/Shape_0.00_0.00.png,stims/white_pngs/Shape_4.00_0.00.png
6,2,0.2,202,1.3,4.0,pen,rew,rew_pen,0.13999999999999999,stims/white_pngs/Shape_1.30_4.00.png,-0.2,-0.053503595935342374,stims/white_pngs/Shape_4.00_4.00.png,stims/white_pngs/Shape_0.00_4.00.png
6,2,0.2,203,1.3,0.0,pen,rew,pen_rew,-0.13999999999999999,stims/white_pngs/Shape_1.30_0.00.png,0.2,-0.3588490608267188,stims/white_pngs/Shape_0.00_0.00.png,stims/white_pngs/Shape_4.00_0.00.png
6,2,0.2,204,1.5,4.0,pen,rew,rew_pen,0.1,stims/white_pngs/Shape_1.50_4.00.png,-0.2,-0.12425976068126426,stims/white_pngs/Shape_4.00_4.00.png,stims/white_pngs/Shape_0.00_4.00.png
6,2,0.2,205,1.5,0.0,pen,rew,pen_rew,-0.1,stims/white_pngs/Shape_1.50_0.00.png,0.2,0.12924682480159322,stims/white_pngs/Shape_0.00_0.00.png,stims/white_pngs/Shape_4.00_0.00.png
6,2,0.2,206,1.7,4.0,pen,rew,rew_pen,0.06000000000000001,stims/white_pngs/Shape_1.70_4.00.png,-0.2,0.32701108015964164,stims/white_pngs/Shape_4.00_4.00.png,stims/white_pngs/Shape_0.00_4.00.png
6,2,0.2,207,1.7,0.0,pen,rew,pen_rew,-0.06000000000000001,stims/white_pngs/Shape_1.70_0.00.png,0.2,-0.18791314081140043,stims/white_pngs/Shape_0.00_0.00.png,stims/white_pngs/Shape_4.00_0.00.png
6,2,0.2,208,1.9,4.0,pen,rew,rew_pen,0.020000000000000018,stims/white_pngs/Shape_1.90_4.00.png,-0.2,0.2871789643775061,stims/white_pngs/Shape_4.00_4.00.png,stims/white_pngs/Shape_0.00_4.00.png
6,2,0.2,209,1.9,0.0,pen,rew,pen_rew,-0.020000000000000018,stims/white_pngs/Shape_1.90_0.00.png,0.2,0.1637672459049947,stims/white_pngs/Shape_0.00_0.00.png,stims/white_pngs/Shape_4.00_0.00.png
6,2,0.2,210,2.1,4.0,pen,rew,rew_pen,-0.020000000000000018,stims/white_pngs/Shape_2.10_4.00.png,-0.2,-0.2417534128420405,stims/white_pngs/Shape_4.00_4.00.png,stims/white_pngs/Shape_0.00_4.00.png
6,2,0.2,211,2.1,0.0,pen,rew,pen_rew,0.020000000000000018,stims/white_pngs/Shape_2.10_0.00.png,0.2,-0.10727685066186082,stims/white_pngs/Shape_0.00_0.00.png,stims/white_pngs/Shape_4.00_0.00.png
6,2,0.2,212,2.3,4.0,pen,rew,rew_pen,-0.05999999999999997,stims/white_pngs/Shape_2.30_4.00.png,-0.2,0.048897849168595464,stims/white_pngs/Shape_4.00_4.00.png,stims/white_pngs/Shape_0.00_4.00.png
6,2,0.2,213,2.3,0.0,pen,rew,pen_rew,0.05999999999999997,stims/white_pngs/Shape_2.30_0.00.png,0.2,0.1990876516960992,stims/white_pngs/Shape_0.00_0.00.png,stims/white_pngs/Shape_4.00_0.00.png
6,2,0.2,214,2.5,4.0,pen,rew,rew_pen,-0.1,stims/white_pngs/Shape_2.50_4.00.png,-0.2,0.18668163420054662,stims/white_pngs/Shape_4.00_4.00.png,stims/white_pngs/Shape_0.00_4.00.png
6,2,0.2,215,2.5,0.0,pen,rew,pen_rew,0.1,stims/white_pngs/Shape_2.50_0.00.png,0.2,0.2421377806731554,stims/white_pngs/Shape_0.00_0.00.png,stims/white_pngs/Shape_4.00_0.00.png
6,2,0.2,216,2.7,4.0,pen,rew,rew_pen,-0.14000000000000004,stims/white_pngs/Shape_2.70_4.00.png,-0.2,0.11632108958103526,stims/white_pngs/Shape_4.00_4.00.png,stims/white_pngs/Shape_0.00_4.00.png
6,2,0.2,217,2.7,0.0,pen,rew,pen_rew,0.14000000000000004,stims/white_pngs/Shape_2.70_0.00.png,0.2,-0.019464561082118248,stims/white_pngs/Shape_0.00_0.00.png,stims/white_pngs/Shape_4.00_0.00.png
6,2,0.2,218,2.9,4.0,pen,rew,rew_pen,-0.18,stims/white_pngs/Shape_2.90_4.00.png,-0.2,-0.2958614420774966,stims/white_pngs/Shape_4.00_4.00.png,stims/white_pngs/Shape_0.00_4.00.png
6,2,0.2,219,2.9,0.0,pen,rew,pen_rew,0.18,stims/white_pngs/Shape_2.90_0.00.png,0.2,-0.026500494793200713,stims/white_pngs/Shape_0.00_0.00.png,stims/white_pngs/Shape_4.00_0.00.png
6,2,0.2,220,3.1,4.0,rew,pen,rew_pen,-0.22000000000000003,stims/white_pngs/Shape_3.10_4.00.png,-0.2,0.05325840836258172,stims/white_pngs/Shape_4.00_4.00.png,stims/white_pngs/Shape_0.00_4.00.png
6,2,0.2,221,3.1,0.0,rew,pen,pen_rew,0.22000000000000003,stims/white_pngs/Shape_3.10_0.00.png,0.2,-0.05222735979589688,stims/white_pngs/Shape_0.00_0.00.png,stims/white_pngs/Shape_4.00_0.00.png
6,2,0.2,222,3.1,4.0,rew,pen,rew_pen,-0.22000000000000003,stims/white_pngs/Shape_3.10_4.00.png,-0.2,-0.3869384210954141,stims/white_pngs/Shape_4.00_4.00.png,stims/white_pngs/Shape_0.00_4.00.png
6,2,0.2,223,3.1,0.0,rew,pen,pen_rew,0.22000000000000003,stims/white_pngs/Shape_3.10_0.00.png,0.2,0.3308749591067426,stims/white_pngs/Shape_0.00_0.00.png,stims/white_pngs/Shape_4.00_0.00.png
6,2,0.2,224,3.3,4.0,rew,pen,rew_pen,-0.25999999999999995,stims/white_pngs/Shape_3.30_4.00.png,-0.2,0.023067680635366294,stims/white_pngs/Shape_4.00_4.00.png,stims/white_pngs/Shape_0.00_4.00.png
6,2,0.2,225,3.3,0.0,rew,pen,pen_rew,0.25999999999999995,stims/white_pngs/Shape_3.30_0.00.png,0.2,0.36416313994896277,stims/white_pngs/Shape_0.00_0.00.png,stims/white_pngs/Shape_4.00_0.00.png
6,2,0.2,226,3.3,4.0,rew,pen,rew_pen,-0.25999999999999995,stims/white_pngs/Shape_3.30_4.00.png,-0.2,-0.36003854877371533,stims/white_pngs/Shape_4.00_4.00.png,stims/white_pngs/Shape_0.00_4.00.png
6,2,0.2,227,3.3,0.0,rew,pen,pen_rew,0.25999999999999995,stims/white_pngs/Shape_3.30_0.00.png,0.2,0.3799181756553185,stims/white_pngs/Shape_0.00_0.00.png,stims/white_pngs/Shape_4.00_0.00.png
6,2,0.2,228,3.5,4.0,rew,pen,rew_pen,-0.30000000000000004,stims/white_pngs/Shape_3.50_4.00.png,-0.2,-0.19697591380512716,stims/white_pngs/Shape_4.00_4.00.png,stims/white_pngs/Shape_0.00_4.00.png
6,2,0.2,229,3.5,0.0,rew,pen,pen_rew,0.30000000000000004,stims/white_pngs/Shape_3.50_0.00.png,0.2,0.19566326900540998,stims/white_pngs/Shape_0.00_0.00.png,stims/white_pngs/Shape_4.00_0.00.png
6,2,0.2,230,3.5,4.0,rew,pen,rew_pen,-0.30000000000000004,stims/white_pngs/Shape_3.50_4.00.png,-0.2,-0.010265697178511335,stims/white_pngs/Shape_4.00_4.00.png,stims/white_pngs/Shape_0.00_4.00.png
6,2,0.2,231,3.5,0.0,rew,pen,pen_rew,0.30000000000000004,stims/white_pngs/Shape_3.50_0.00.png,0.2,0.16127780595980024,stims/white_pngs/Shape_0.00_0.00.png,stims/white_pngs/Shape_4.00_0.00.png
6,2,0.2,232,3.7,4.0,rew,pen,rew_pen,-0.3400000000000001,stims/white_pngs/Shape_3.70_4.00.png,-0.2,-0.12406045420756495,stims/white_pngs/Shape_4.00_4.00.png,stims/white_pngs/Shape_0.00_4.00.png
6,2,0.2,233,3.7,0.0,rew,pen,pen_rew,0.3400000000000001,stims/white_pngs/Shape_3.70_0.00.png,0.2,0.17008222928670746,stims/white_pngs/Shape_0.00_0.00.png,stims/white_pngs/Shape_4.00_0.00.png
6,2,0.2,234,3.7,4.0,rew,pen,rew_pen,-0.3400000000000001,stims/white_pngs/Shape_3.70_4.00.png,-0.2,-0.21440500817008853,stims/white_pngs/Shape_4.00_4.00.png,stims/white_pngs/Shape_0.00_4.00.png
6,2,0.2,235,3.7,0.0,rew,pen,pen_rew,0.3400000000000001,stims/white_pngs/Shape_3.70_0.00.png,0.2,0.17060478758086728,stims/white_pngs/Shape_0.00_0.00.png,stims/white_pngs/Shape_4.00_0.00.png
6,2,0.2,236,3.9,4.0,rew,pen,rew_pen,-0.38,stims/white_pngs/Shape_3.90_4.00.png,-0.2,-0.26752095713038326,stims/white_pngs/Shape_4.00_4.00.png,stims/white_pngs/Shape_0.00_4.00.png
6,2,0.2,237,3.9,0.0,rew,pen,pen_rew,0.38,stims/white_pngs/Shape_3.90_0.00.png,0.2,0.25527665726865456,stims/white_pngs/Shape_0.00_0.00.png,stims/white_pngs/Shape_4.00_0.00.png
6,2,0.2,238,3.9,4.0,rew,pen,rew_pen,-0.38,stims/white_pngs/Shape_3.90_4.00.png,-0.2,-0.11599271910626402,stims/white_pngs/Shape_4.00_4.00.png,stims/white_pngs/Shape_0.00_4.00.png
6,2,0.2,239,3.9,0.0,rew,pen,pen_rew,0.38,stims/white_pngs/Shape_3.90_0.00.png,0.2,0.25234949969716847,stims/white_pngs/Shape_0.00_0.00.png,stims/white_pngs/Shape_4.00_0.00.png
