blockN,run,div,trial_key,stim_file_pos,stim_pos,noise_pos,val_C0F1,val_C1F0,valence_disp,target_pos,target_file,disp_div,anchor,img1_file,img2_file
1,1,0.0,0,0.1,-0.4,0.0,pen,rew,pen_rew,-0.4,input_data/stims/Shape_0.10_0.00.png,0.0,-0.13081855414328242,input_data/stims/Shape_0.00_0.00.png,input_data/stims/Shape_4.00_0.00.png
1,1,0.0,1,0.1,-0.4,0.0,pen,rew,rew_pen,0.4,input_data/stims/Shape_0.10_0.00.png,0.0,0.04601102839128286,input_data/stims/Shape_4.00_0.00.png,input_data/stims/Shape_0.00_0.00.png
1,1,0.0,2,0.3,-0.3,0.0,pen,rew,pen_rew,-0.3,input_data/stims/Shape_0.30_0.00.png,0.0,-0.08591159222900624,input_data/stims/Shape_0.00_0.00.png,input_data/stims/Shape_4.00_0.00.png
1,1,0.0,3,0.3,-0.3,0.0,pen,rew,rew_pen,0.3,input_data/stims/Shape_0.30_0.00.png,0.0,0.17130018509267028,input_data/stims/Shape_4.00_0.00.png,input_data/stims/Shape_0.00_0.00.png
1,1,0.0,4,0.5,-0.3,0.0,pen,rew,pen_rew,-0.3,input_data/stims/Shape_0.50_0.00.png,0.0,-0.2666885341204652,input_data/stims/Shape_0.00_0.00.png,input_data/stims/Shape_4.00_0.00.png
1,1,0.0,5,0.5,-0.3,0.0,pen,rew,rew_pen,0.3,input_data/stims/Shape_0.50_0.00.png,0.0,0.3654580594060694,input_data/stims/Shape_4.00_0.00.png,input_data/stims/Shape_0.00_0.00.png
1,1,0.0,6,0.7,-0.3,0.0,pen,rew,pen_rew,-0.3,input_data/stims/Shape_0.70_0.00.png,0.0,-0.14893002961712581,input_data/stims/Shape_0.00_0.00.png,input_data/stims/Shape_4.00_0.00.png
1,1,0.0,7,0.7,-0.3,0.0,pen,rew,rew_pen,0.3,input_data/stims/Shape_0.70_0.00.png,0.0,0.04526404064532277,input_data/stims/Shape_4.00_0.00.png,input_data/stims/Shape_0.00_0.00.png
1,1,0.0,8,0.9,-0.2,0.0,pen,rew,pen_rew,-0.2,input_data/stims/Shape_0.90_0.00.png,0.0,-0.13691521260735356,input_data/stims/Shape_0.00_0.00.png,input_data/stims/Shape_4.00_0.00.png
1,1,0.0,9,0.9,-0.2,0.0,pen,rew,rew_pen,0.2,input_data/stims/Shape_0.90_0.00.png,0.0,0.13656214610782197,input_data/stims/Shape_4.00_0.00.png,input_data/stims/Shape_0.00_0.00.png
1,1,0.0,10,1.1,-0.2,0.0,pen,rew,pen_rew,-0.2,input_data/stims/Shape_1.10_0.00.png,0.0,-0.07981828672994484,input_data/stims/Shape_0.00_0.00.png,input_data/stims/Shape_4.00_0.00.png
1,1,0.0,11,1.1,-0.2,0.0,pen,rew,rew_pen,0.2,input_data/stims/Shape_1.10_0.00.png,0.0,0.31179778346017883,input_data/stims/Shape_4.00_0.00.png,input_data/stims/Shape_0.00_0.00.png
1,1,0.0,12,1.3,-0.1,0.0,pen,rew,pen_rew,-0.1,input_data/stims/Shape_1.30_0.00.png,0.0,-0.12530042449472428,input_data/stims/Shape_0.00_0.00.png,input_data/stims/Shape_4.00_0.00.png
1,1,0.0,13,1.3,-0.1,0.0,pen,rew,rew_pen,0.1,input_data/stims/Shape_1.30_0.00.png,0.0,0.025818198493995803,input_data/stims/Shape_4.00_0.00.png,input_data/stims/Shape_0.00_0.00.png
1,1,0.0,14,1.5,-0.1,0.0,pen,rew,pen_rew,-0.1,input_data/stims/Shape_1.50_0.00.png,0.0,-0.003899103387907832,input_data/stims/Shape_0.00_0.00.png,input_data/stims/Shape_4.00_0.00.png
1,1,0.0,15,1.5,-0.1,0.0,pen,rew,rew_pen,0.1,input_data/stims/Shape_1.50_0.00.png,0.0,0.03431173981337952,input_data/stims/Shape_4.00_0.00.png,input_data/stims/Shape_0.00_0.00.png
1,1,0.0,16,1.7,-0.1,0.0,pen,rew,pen_rew,-0.1,input_data/stims/Shape_1.70_0.00.png,0.0,-0.042842248320246856,input_data/stims/Shape_0.00_0.00.png,input_data/stims/Shape_4.00_0.00.png
1,1,0.0,17,1.7,-0.1,0.0,pen,rew,rew_pen,0.1,input_data/stims/Shape_1.70_0.00.png,0.0,0.35898753939677897,input_data/stims/Shape_4.00_0.00.png,input_data/stims/Shape_0.00_0.00.png
1,1,0.0,18,1.9,-0.0,0.0,pen,rew,pen_rew,-0.0,input_data/stims/Shape_1.90_0.00.png,0.0,-0.12428119393518056,input_data/stims/Shape_0.00_0.00.png,input_data/stims/Shape_4.00_0.00.png
1,1,0.0,19,1.9,-0.0,0.0,pen,rew,rew_pen,0.0,input_data/stims/Shape_1.90_0.00.png,0.0,0.28304407663190356,input_data/stims/Shape_4.00_0.00.png,input_data/stims/Shape_0.00_0.00.png
1,1,0.0,20,2.1,0.0,4.0,pen,rew,pen_rew,0.0,input_data/stims/Shape_2.10_4.00.png,0.0,0.054596935904639966,input_data/stims/Shape_0.00_4.00.png,input_data/stims/Shape_4.00_4.00.png
1,1,0.0,21,2.1,0.0,4.0,pen,rew,rew_pen,-0.0,input_data/stims/Shape_2.10_4.00.png,0.0,-0.06843500110857043,input_data/stims/Shape_4.00_4.00.png,input_data/stims/Shape_0.00_4.00.png
1,1,0.0,22,2.3,0.1,4.0,rew,pen,pen_rew,0.1,input_data/stims/Shape_2.30_4.00.png,0.0,0.2918404214231762,input_data/stims/Shape_0.00_4.00.png,input_data/stims/Shape_4.00_4.00.png
1,1,0.0,23,2.3,0.1,4.0,rew,pen,rew_pen,-0.1,input_data/stims/Shape_2.30_4.00.png,0.0,-0.2975916231010742,input_data/stims/Shape_4.00_4.00.png,input_data/stims/Shape_0.00_4.00.png
1,1,0.0,24,2.5,0.1,4.0,rew,pen,pen_rew,0.1,input_data/stims/Shape_2.50_4.00.png,0.0,0.1513359315864082,input_data/stims/Shape_0.00_4.00.png,input_data/stims/Shape_4.00_4.00.png
1,1,0.0,25,2.5,0.1,4.0,rew,pen,rew_pen,-0.1,input_data/stims/Shape_2.50_4.00.png,0.0,-0.24037389309491064,input_data/stims/Shape_4.00_4.00.png,input_data/stims/Shape_0.00_4.00.png
1,1,0.0,26,2.7,0.1,4.0,rew,pen,pen_rew,0.1,input_data/stims/Shape_2.70_4.00.png,0.0,0.20564827156682175,input_data/stims/Shape_0.00_4.00.png,input_data/stims/Shape_4.00_4.00.png
1,1,0.0,27,2.7,0.1,4.0,rew,pen,rew_pen,-0.1,input_data/stims/Shape_2.70_4.00.png,0.0,-0.3762320277810476,input_data/stims/Shape_4.00_4.00.png,input_data/stims/Shape_0.00_4.00.png
1,1,0.0,28,2.9,0.2,4.0,rew,pen,pen_rew,0.2,input_data/stims/Shape_2.90_4.00.png,0.0,3.297600996372552e-05,input_data/stims/Shape_0.00_4.00.png,input_data/stims/Shape_4.00_4.00.png
1,1,0.0,29,2.9,0.2,4.0,rew,pen,rew_pen,-0.2,input_data/stims/Shape_2.90_4.00.png,0.0,-0.3990767208126031,input_data/stims/Shape_4.00_4.00.png,input_data/stims/Shape_0.00_4.00.png
1,1,0.0,30,3.1,0.2,4.0,rew,pen,pen_rew,0.2,input_data/stims/Shape_3.10_4.00.png,0.0,0.35543379839414024,input_data/stims/Shape_0.00_4.00.png,input_data/stims/Shape_4.00_4.00.png
1,1,0.0,31,3.1,0.2,4.0,rew,pen,rew_pen,-0.2,input_data/stims/Shape_3.10_4.00.png,0.0,-0.27828090608594525,input_data/stims/Shape_4.00_4.00.png,input_data/stims/Shape_0.00_4.00.png
1,1,0.0,32,3.3,0.3,4.0,rew,pen,pen_rew,0.3,input_data/stims/Shape_3.30_4.00.png,0.0,0.3515261003673116,input_data/stims/Shape_0.00_4.00.png,input_data/stims/Shape_4.00_4.00.png
1,1,0.0,33,3.3,0.3,4.0,rew,pen,rew_pen,-0.3,input_data/stims/Shape_3.30_4.00.png,0.0,-0.37839657349411876,input_data/stims/Shape_4.00_4.00.png,input_data/stims/Shape_0.00_4.00.png
1,1,0.0,34,3.5,0.3,4.0,rew,pen,pen_rew,0.3,input_data/stims/Shape_3.50_4.00.png,0.0,0.04323541711352457,input_data/stims/Shape_0.00_4.00.png,input_data/stims/Shape_4.00_4.00.png
1,1,0.0,35,3.5,0.3,4.0,rew,pen,rew_pen,-0.3,input_data/stims/Shape_3.50_4.00.png,0.0,-0.06854890889405812,input_data/stims/Shape_4.00_4.00.png,input_data/stims/Shape_0.00_4.00.png
1,1,0.0,36,3.7,0.3,4.0,rew,pen,pen_rew,0.3,input_data/stims/Shape_3.70_4.00.png,0.0,0.007349751598060639,input_data/stims/Shape_0.00_4.00.png,input_data/stims/Shape_4.00_4.00.png
1,1,0.0,37,3.7,0.3,4.0,rew,pen,rew_pen,-0.3,input_data/stims/Shape_3.70_4.00.png,0.0,-0.33517207413035177,input_data/stims/Shape_4.00_4.00.png,input_data/stims/Shape_0.00_4.00.png
1,1,0.0,38,3.9,0.4,4.0,rew,pen,pen_rew,0.4,input_data/stims/Shape_3.90_4.00.png,0.0,0.04215567162547976,input_data/stims/Shape_0.00_4.00.png,input_data/stims/Shape_4.00_4.00.png
1,1,0.0,39,3.9,0.4,4.0,rew,pen,rew_pen,-0.4,input_data/stims/Shape_3.90_4.00.png,0.0,-0.026598133422336967,input_data/stims/Shape_4.00_4.00.png,input_data/stims/Shape_0.00_4.00.png
2,1,-0.2,40,0.1,-0.4,0.0,pen,rew,pen_rew,-0.4,input_data/stims/Shape_0.10_0.00.png,-0.2,-0.20642372006422915,input_data/stims/Shape_0.00_0.00.png,input_data/stims/Shape_4.00_0.00.png
2,1,-0.2,41,0.1,-0.4,0.0,pen,rew,rew_pen,0.4,input_data/stims/Shape_0.10_0.00.png,0.2,0.013377923401747094,input_data/stims/Shape_4.00_0.00.png,input_data/stims/Shape_0.00_0.00.png
2,1,-0.2,42,0.1,-0.4,0.0,pen,rew,pen_rew,-0.4,input_data/stims/Shape_0.10_0.00.png,-0.2,-0.24318795761879453,input_data/stims/Shape_0.00_0.00.png,input_data/stims/Shape_4.00_0.00.png
2,1,-0.2,43,0.1,-0.4,0.0,pen,rew,rew_pen,0.4,input_data/stims/Shape_0.10_0.00.png,0.2,0.32716607999184205,input_data/stims/Shape_4.00_0.00.png,input_data/stims/Shape_0.00_0.00.png
2,1,-0.2,44,0.3,-0.3,0.0,pen,rew,pen_rew,-0.3,input_data/stims/Shape_0.30_0.00.png,-0.2,-0.20264450930305727,input_data/stims/Shape_0.00_0.00.png,input_data/stims/Shape_4.00_0.00.png
2,1,-0.2,45,0.3,-0.3,0.0,pen,rew,rew_pen,0.3,input_data/stims/Shape_0.30_0.00.png,0.2,0.01957975103251486,input_data/stims/Shape_4.00_0.00.png,input_data/stims/Shape_0.00_0.00.png
2,1,-0.2,46,0.3,-0.3,0.0,pen,rew,pen_rew,-0.3,input_data/stims/Shape_0.30_0.00.png,-0.2,-0.396444637582362,input_data/stims/Shape_0.00_0.00.png,input_data/stims/Shape_4.00_0.00.png
2,1,-0.2,47,0.3,-0.3,0.0,pen,rew,rew_pen,0.3,input_data/stims/Shape_0.30_0.00.png,0.2,0.0017257665671549793,input_data/stims/Shape_4.00_0.00.png,input_data/stims/Shape_0.00_0.00.png
2,1,-0.2,48,0.5,-0.3,0.0,pen,rew,pen_rew,-0.3,input_data/stims/Shape_0.50_0.00.png,-0.2,-0.38011027072456544,input_data/stims/Shape_0.00_0.00.png,input_data/stims/Shape_4.00_0.00.png
2,1,-0.2,49,0.5,-0.3,0.0,pen,rew,rew_pen,0.3,input_data/stims/Shape_0.50_0.00.png,0.2,0.1354180656867584,input_data/stims/Shape_4.00_0.00.png,input_data/stims/Shape_0.00_0.00.png
2,1,-0.2,50,0.5,-0.3,0.0,pen,rew,pen_rew,-0.3,input_data/stims/Shape_0.50_0.00.png,-0.2,-0.35857926552744196,input_data/stims/Shape_0.00_0.00.png,input_data/stims/Shape_4.00_0.00.png
2,1,-0.2,51,0.5,-0.3,0.0,pen,rew,rew_pen,0.3,input_data/stims/Shape_0.50_0.00.png,0.2,0.1253751554862717,input_data/stims/Shape_4.00_0.00.png,input_data/stims/Shape_0.00_0.00.png
2,1,-0.2,52,0.7,-0.3,0.0,pen,rew,pen_rew,-0.3,input_data/stims/Shape_0.70_0.00.png,-0.2,-0.39042284444839426,input_data/stims/Shape_0.00_0.00.png,input_data/stims/Shape_4.00_0.00.png
2,1,-0.2,53,0.7,-0.3,0.0,pen,rew,rew_pen,0.3,input_data/stims/Shape_0.70_0.00.png,0.2,0.13564803697018996,input_data/stims/Shape_4.00_0.00.png,input_data/stims/Shape_0.00_0.00.png
2,1,-0.2,54,0.7,-0.3,0.0,pen,rew,pen_rew,-0.3,input_data/stims/Shape_0.70_0.00.png,-0.2,-0.24965709492366306,input_data/stims/Shape_0.00_0.00.png,input_data/stims/Shape_4.00_0.00.png
2,1,-0.2,55,0.7,-0.3,0.0,pen,rew,rew_pen,0.3,input_data/stims/Shape_0.70_0.00.png,0.2,0.1993818112734116,input_data/stims/Shape_4.00_0.00.png,input_data/stims/Shape_0.00_0.00.png
2,1,-0.2,56,0.9,-0.2,0.0,pen,rew,pen_rew,-0.2,input_data/stims/Shape_0.90_0.00.png,-0.2,-0.30533208849730525,input_data/stims/Shape_0.00_0.00.png,input_data/stims/Shape_4.00_0.00.png
2,1,-0.2,57,0.9,-0.2,0.0,pen,rew,rew_pen,0.2,input_data/stims/Shape_0.90_0.00.png,0.2,-0.04392576639092241,input_data/stims/Shape_4.00_0.00.png,input_data/stims/Shape_0.00_0.00.png
2,1,-0.2,58,0.9,-0.2,0.0,pen,rew,pen_rew,-0.2,input_data/stims/Shape_0.90_0.00.png,-0.2,-0.28271315843239236,input_data/stims/Shape_0.00_0.00.png,input_data/stims/Shape_4.00_0.00.png
2,1,-0.2,59,0.9,-0.2,0.0,pen,rew,rew_pen,0.2,input_data/stims/Shape_0.90_0.00.png,0.2,-0.08414179322783605,input_data/stims/Shape_4.00_0.00.png,input_data/stims/Shape_0.00_0.00.png
2,1,-0.2,60,1.1,-0.2,4.0,pen,rew,pen_rew,-0.2,input_data/stims/Shape_1.10_4.00.png,-0.2,0.28496490844406747,input_data/stims/Shape_0.00_4.00.png,input_data/stims/Shape_4.00_4.00.png
2,1,-0.2,61,1.1,-0.2,4.0,pen,rew,rew_pen,0.2,input_data/stims/Shape_1.10_4.00.png,0.2,-0.36507467686459816,input_data/stims/Shape_4.00_4.00.png,input_data/stims/Shape_0.00_4.00.png
2,1,-0.2,62,1.3,-0.1,4.0,rew,pen,pen_rew,-0.1,input_data/stims/Shape_1.30_4.00.png,-0.2,0.12858990142333704,input_data/stims/Shape_0.00_4.00.png,input_data/stims/Shape_4.00_4.00.png
2,1,-0.2,63,1.3,-0.1,4.0,rew,pen,rew_pen,0.1,input_data/stims/Shape_1.30_4.00.png,0.2,-0.30815209861490545,input_data/stims/Shape_4.00_4.00.png,input_data/stims/Shape_0.00_4.00.png
2,1,-0.2,64,1.5,-0.1,4.0,rew,pen,pen_rew,-0.1,input_data/stims/Shape_1.50_4.00.png,-0.2,0.009361761514503797,input_data/stims/Shape_0.00_4.00.png,input_data/stims/Shape_4.00_4.00.png
2,1,-0.2,65,1.5,-0.1,4.0,rew,pen,rew_pen,0.1,input_data/stims/Shape_1.50_4.00.png,0.2,-0.35438905033754275,input_data/stims/Shape_4.00_4.00.png,input_data/stims/Shape_0.00_4.00.png
2,1,-0.2,66,1.7,-0.1,4.0,rew,pen,pen_rew,-0.1,input_data/stims/Shape_1.70_4.00.png,-0.2,-0.1711023458354369,input_data/stims/Shape_0.00_4.00.png,input_data/stims/Shape_4.00_4.00.png
2,1,-0.2,67,1.7,-0.1,4.0,rew,pen,rew_pen,0.1,input_data/stims/Shape_1.70_4.00.png,0.2,-0.32870231698686647,input_data/stims/Shape_4.00_4.00.png,input_data/stims/Shape_0.00_4.00.png
2,1,-0.2,68,1.9,-0.0,4.0,rew,pen,pen_rew,-0.0,input_data/stims/Shape_1.90_4.00.png,-0.2,-0.1558823244986467,input_data/stims/Shape_0.00_4.00.png,input_data/stims/Shape_4.00_4.00.png
2,1,-0.2,69,1.9,-0.0,4.0,rew,pen,rew_pen,0.0,input_data/stims/Shape_1.90_4.00.png,0.2,-0.2639588375914285,input_data/stims/Shape_4.00_4.00.png,input_data/stims/Shape_0.00_4.00.png
2,1,-0.2,70,2.1,0.0,4.0,rew,pen,pen_rew,0.0,input_data/stims/Shape_2.10_4.00.png,-0.2,0.20076962177382562,input_data/stims/Shape_0.00_4.00.png,input_data/stims/Shape_4.00_4.00.png
2,1,-0.2,71,2.1,0.0,4.0,rew,pen,rew_pen,-0.0,input_data/stims/Shape_2.10_4.00.png,0.2,-0.326965880981342,input_data/stims/Shape_4.00_4.00.png,input_data/stims/Shape_0.00_4.00.png
2,1,-0.2,72,2.3,0.1,4.0,rew,pen,pen_rew,0.1,input_data/stims/Shape_2.30_4.00.png,-0.2,0.1619853314904815,input_data/stims/Shape_0.00_4.00.png,input_data/stims/Shape_4.00_4.00.png
2,1,-0.2,73,2.3,0.1,4.0,rew,pen,rew_pen,-0.1,input_data/stims/Shape_2.30_4.00.png,0.2,-0.3960239782107833,input_data/stims/Shape_4.00_4.00.png,input_data/stims/Shape_0.00_4.00.png
2,1,-0.2,74,2.5,0.1,4.0,rew,pen,pen_rew,0.1,input_data/stims/Shape_2.50_4.00.png,-0.2,-0.027668840318166882,input_data/stims/Shape_0.00_4.00.png,input_data/stims/Shape_4.00_4.00.png
2,1,-0.2,75,2.5,0.1,4.0,rew,pen,rew_pen,-0.1,input_data/stims/Shape_2.50_4.00.png,0.2,-0.38862600082027726,input_data/stims/Shape_4.00_4.00.png,input_data/stims/Shape_0.00_4.00.png
2,1,-0.2,76,2.7,0.1,4.0,rew,pen,pen_rew,0.1,input_data/stims/Shape_2.70_4.00.png,-0.2,0.17166946120330623,input_data/stims/Shape_0.00_4.00.png,input_data/stims/Shape_4.00_4.00.png
2,1,-0.2,77,2.7,0.1,4.0,rew,pen,rew_pen,-0.1,input_data/stims/Shape_2.70_4.00.png,0.2,-0.2866980320604486,input_data/stims/Shape_4.00_4.00.png,input_data/stims/Shape_0.00_4.00.png
2,1,-0.2,78,2.9,0.2,4.0,rew,pen,pen_rew,0.2,input_data/stims/Shape_2.90_4.00.png,-0.2,0.30824075923543554,input_data/stims/Shape_0.00_4.00.png,input_data/stims/Shape_4.00_4.00.png
2,1,-0.2,79,2.9,0.2,4.0,rew,pen,rew_pen,-0.2,input_data/stims/Shape_2.90_4.00.png,0.2,-0.30608512426116335,input_data/stims/Shape_4.00_4.00.png,input_data/stims/Shape_0.00_4.00.png
3,1,0.2,80,1.1,-0.2,0.0,pen,rew,pen_rew,-0.2,input_data/stims/Shape_1.10_0.00.png,0.2,0.03149084949850217,input_data/stims/Shape_0.00_0.00.png,input_data/stims/Shape_4.00_0.00.png
3,1,0.2,81,1.1,-0.2,0.0,pen,rew,rew_pen,0.2,input_data/stims/Shape_1.10_0.00.png,-0.2,0.33435028086133634,input_data/stims/Shape_4.00_0.00.png,input_data/stims/Shape_0.00_0.00.png
3,1,0.2,82,1.3,-0.1,0.0,pen,rew,pen_rew,-0.1,input_data/stims/Shape_1.30_0.00.png,0.2,0.1601001377455996,input_data/stims/Shape_0.00_0.00.png,input_data/stims/Shape_4.00_0.00.png
3,1,0.2,83,1.3,-0.1,0.0,pen,rew,rew_pen,0.1,input_data/stims/Shape_1.30_0.00.png,-0.2,0.3010364180998676,input_data/stims/Shape_4.00_0.00.png,input_data/stims/Shape_0.00_0.00.png
3,1,0.2,84,1.5,-0.1,0.0,pen,rew,pen_rew,-0.1,input_data/stims/Shape_1.50_0.00.png,0.2,-0.12786833125639407,input_data/stims/Shape_0.00_0.00.png,input_data/stims/Shape_4.00_0.00.png
3,1,0.2,85,1.5,-0.1,0.0,pen,rew,rew_pen,0.1,input_data/stims/Shape_1.50_0.00.png,-0.2,0.20263644758260185,input_data/stims/Shape_4.00_0.00.png,input_data/stims/Shape_0.00_0.00.png
3,1,0.2,86,1.7,-0.1,0.0,pen,rew,pen_rew,-0.1,input_data/stims/Shape_1.70_0.00.png,0.2,0.0007520668185378998,input_data/stims/Shape_0.00_0.00.png,input_data/stims/Shape_4.00_0.00.png
3,1,0.2,87,1.7,-0.1,0.0,pen,rew,rew_pen,0.1,input_data/stims/Shape_1.70_0.00.png,-0.2,0.2997311707537361,input_data/stims/Shape_4.00_0.00.png,input_data/stims/Shape_0.00_0.00.png
3,1,0.2,88,1.9,-0.0,0.0,pen,rew,pen_rew,-0.0,input_data/stims/Shape_1.90_0.00.png,0.2,0.03347709749624095,input_data/stims/Shape_0.00_0.00.png,input_data/stims/Shape_4.00_0.00.png
3,1,0.2,89,1.9,-0.0,0.0,pen,rew,rew_pen,0.0,input_data/stims/Shape_1.90_0.00.png,-0.2,0.25844373540174487,input_data/stims/Shape_4.00_0.00.png,input_data/stims/Shape_0.00_0.00.png
3,1,0.2,90,2.1,0.0,0.0,pen,rew,pen_rew,0.0,input_data/stims/Shape_2.10_0.00.png,0.2,0.07209609744055001,input_data/stims/Shape_0.00_0.00.png,input_data/stims/Shape_4.00_0.00.png
3,1,0.2,91,2.1,0.0,0.0,pen,rew,rew_pen,-0.0,input_data/stims/Shape_2.10_0.00.png,-0.2,0.2752355025764971,input_data/stims/Shape_4.00_0.00.png,input_data/stims/Shape_0.00_0.00.png
3,1,0.2,92,2.3,0.1,0.0,pen,rew,pen_rew,0.1,input_data/stims/Shape_2.30_0.00.png,0.2,-0.09188098166571157,input_data/stims/Shape_0.00_0.00.png,input_data/stims/Shape_4.00_0.00.png
3,1,0.2,93,2.3,0.1,0.0,pen,rew,rew_pen,-0.1,input_data/stims/Shape_2.30_0.00.png,-0.2,0.36907726080654607,input_data/stims/Shape_4.00_0.00.png,input_data/stims/Shape_0.00_0.00.png
3,1,0.2,94,2.5,0.1,0.0,pen,rew,pen_rew,0.1,input_data/stims/Shape_2.50_0.00.png,0.2,0.023327211815115767,input_data/stims/Shape_0.00_0.00.png,input_data/stims/Shape_4.00_0.00.png
3,1,0.2,95,2.5,0.1,0.0,pen,rew,rew_pen,-0.1,input_data/stims/Shape_2.50_0.00.png,-0.2,0.2345711537125402,input_data/stims/Shape_4.00_0.00.png,input_data/stims/Shape_0.00_0.00.png
3,1,0.2,96,2.7,0.1,0.0,pen,rew,pen_rew,0.1,input_data/stims/Shape_2.70_0.00.png,0.2,-0.3042578206788826,input_data/stims/Shape_0.00_0.00.png,input_data/stims/Shape_4.00_0.00.png
3,1,0.2,97,2.7,0.1,0.0,pen,rew,rew_pen,-0.1,input_data/stims/Shape_2.70_0.00.png,-0.2,0.2596750445611574,input_data/stims/Shape_4.00_0.00.png,input_data/stims/Shape_0.00_0.00.png
3,1,0.2,98,2.9,0.2,0.0,pen,rew,pen_rew,0.2,input_data/stims/Shape_2.90_0.00.png,0.2,0.16216108111234606,input_data/stims/Shape_0.00_0.00.png,input_data/stims/Shape_4.00_0.00.png
3,1,0.2,99,2.9,0.2,0.0,pen,rew,rew_pen,-0.2,input_data/stims/Shape_2.90_0.00.png,-0.2,0.3955440901164141,input_data/stims/Shape_4.00_0.00.png,input_data/stims/Shape_0.00_0.00.png
3,1,0.2,100,3.1,0.2,4.0,pen,rew,pen_rew,0.2,input_data/stims/Shape_3.10_4.00.png,0.2,0.2621432522472944,input_data/stims/Shape_0.00_4.00.png,input_data/stims/Shape_4.00_4.00.png
3,1,0.2,101,3.1,0.2,4.0,pen,rew,rew_pen,-0.2,input_data/stims/Shape_3.10_4.00.png,-0.2,-0.2667844219058781,input_data/stims/Shape_4.00_4.00.png,input_data/stims/Shape_0.00_4.00.png
3,1,0.2,102,3.1,0.2,4.0,pen,rew,pen_rew,0.2,input_data/stims/Shape_3.10_4.00.png,0.2,0.33140837451142435,input_data/stims/Shape_0.00_4.00.png,input_data/stims/Shape_4.00_4.00.png
3,1,0.2,103,3.1,0.2,4.0,pen,rew,rew_pen,-0.2,input_data/stims/Shape_3.10_4.00.png,-0.2,-0.23345607959954395,input_data/stims/Shape_4.00_4.00.png,input_data/stims/Shape_0.00_4.00.png
3,1,0.2,104,3.3,0.3,4.0,rew,pen,pen_rew,0.3,input_data/stims/Shape_3.30_4.00.png,0.2,0.35069485008705525,input_data/stims/Shape_0.00_4.00.png,input_data/stims/Shape_4.00_4.00.png
3,1,0.2,105,3.3,0.3,4.0,rew,pen,rew_pen,-0.3,input_data/stims/Shape_3.30_4.00.png,-0.2,-0.11794098241846873,input_data/stims/Shape_4.00_4.00.png,input_data/stims/Shape_0.00_4.00.png
3,1,0.2,106,3.3,0.3,4.0,rew,pen,pen_rew,0.3,input_data/stims/Shape_3.30_4.00.png,0.2,0.3619636573345262,input_data/stims/Shape_0.00_4.00.png,input_data/stims/Shape_4.00_4.00.png
3,1,0.2,107,3.3,0.3,4.0,rew,pen,rew_pen,-0.3,input_data/stims/Shape_3.30_4.00.png,-0.2,-0.04801522281431553,input_data/stims/Shape_4.00_4.00.png,input_data/stims/Shape_0.00_4.00.png
3,1,0.2,108,3.5,0.3,4.0,rew,pen,pen_rew,0.3,input_data/stims/Shape_3.50_4.00.png,0.2,0.3839061044876417,input_data/stims/Shape_0.00_4.00.png,input_data/stims/Shape_4.00_4.00.png
3,1,0.2,109,3.5,0.3,4.0,rew,pen,rew_pen,-0.3,input_data/stims/Shape_3.50_4.00.png,-0.2,0.16981458488385626,input_data/stims/Shape_4.00_4.00.png,input_data/stims/Shape_0.00_4.00.png
3,1,0.2,110,3.5,0.3,4.0,rew,pen,pen_rew,0.3,input_data/stims/Shape_3.50_4.00.png,0.2,0.23879972841843888,input_data/stims/Shape_0.00_4.00.png,input_data/stims/Shape_4.00_4.00.png
3,1,0.2,111,3.5,0.3,4.0,rew,pen,rew_pen,-0.3,input_data/stims/Shape_3.50_4.00.png,-0.2,-0.26674049599230343,input_data/stims/Shape_4.00_4.00.png,input_data/stims/Shape_0.00_4.00.png
3,1,0.2,112,3.7,0.3,4.0,rew,pen,pen_rew,0.3,input_data/stims/Shape_3.70_4.00.png,0.2,0.21099220224337142,input_data/stims/Shape_0.00_4.00.png,input_data/stims/Shape_4.00_4.00.png
3,1,0.2,113,3.7,0.3,4.0,rew,pen,rew_pen,-0.3,input_data/stims/Shape_3.70_4.00.png,-0.2,-0.010161558701224704,input_data/stims/Shape_4.00_4.00.png,input_data/stims/Shape_0.00_4.00.png
3,1,0.2,114,3.7,0.3,4.0,rew,pen,pen_rew,0.3,input_data/stims/Shape_3.70_4.00.png,0.2,0.2157433721901221,input_data/stims/Shape_0.00_4.00.png,input_data/stims/Shape_4.00_4.00.png
3,1,0.2,115,3.7,0.3,4.0,rew,pen,rew_pen,-0.3,input_data/stims/Shape_3.70_4.00.png,-0.2,-0.2558171911068372,input_data/stims/Shape_4.00_4.00.png,input_data/stims/Shape_0.00_4.00.png
3,1,0.2,116,3.9,0.4,4.0,rew,pen,pen_rew,0.4,input_data/stims/Shape_3.90_4.00.png,0.2,0.26913684917197855,input_data/stims/Shape_0.00_4.00.png,input_data/stims/Shape_4.00_4.00.png
3,1,0.2,117,3.9,0.4,4.0,rew,pen,rew_pen,-0.4,input_data/stims/Shape_3.90_4.00.png,-0.2,-0.28012853809037086,input_data/stims/Shape_4.00_4.00.png,input_data/stims/Shape_0.00_4.00.png
3,1,0.2,118,3.9,0.4,4.0,rew,pen,pen_rew,0.4,input_data/stims/Shape_3.90_4.00.png,0.2,0.30753022454803386,input_data/stims/Shape_0.00_4.00.png,input_data/stims/Shape_4.00_4.00.png
3,1,0.2,119,3.9,0.4,4.0,rew,pen,rew_pen,-0.4,input_data/stims/Shape_3.90_4.00.png,-0.2,-0.36447121737076893,input_data/stims/Shape_4.00_4.00.png,input_data/stims/Shape_0.00_4.00.png
4,2,0.0,120,0.1,-0.4,4.0,pen,rew,pen_rew,-0.4,input_data/stims/Shape_0.10_4.00.png,0.0,-0.26816872123366886,input_data/stims/Shape_0.00_4.00.png,input_data/stims/Shape_4.00_4.00.png
4,2,0.0,121,0.1,-0.4,4.0,pen,rew,rew_pen,0.4,input_data/stims/Shape_0.10_4.00.png,0.0,0.1250363225271811,input_data/stims/Shape_4.00_4.00.png,input_data/stims/Shape_0.00_4.00.png
4,2,0.0,122,0.3,-0.3,4.0,pen,rew,pen_rew,-0.3,input_data/stims/Shape_0.30_4.00.png,0.0,-0.3973491808332646,input_data/stims/Shape_0.00_4.00.png,input_data/stims/Shape_4.00_4.00.png
4,2,0.0,123,0.3,-0.3,4.0,pen,rew,rew_pen,0.3,input_data/stims/Shape_0.30_4.00.png,0.0,0.008868779789850212,input_data/stims/Shape_4.00_4.00.png,input_data/stims/Shape_0.00_4.00.png
4,2,0.0,124,0.5,-0.3,4.0,pen,rew,pen_rew,-0.3,input_data/stims/Shape_0.50_4.00.png,0.0,-0.047678321248522615,input_data/stims/Shape_0.00_4.00.png,input_data/stims/Shape_4.00_4.00.png
4,2,0.0,125,0.5,-0.3,4.0,pen,rew,rew_pen,0.3,input_data/stims/Shape_0.50_4.00.png,0.0,0.21097599010384577,input_data/stims/Shape_4.00_4.00.png,input_data/stims/Shape_0.00_4.00.png
4,2,0.0,126,0.7,-0.3,4.0,pen,rew,pen_rew,-0.3,input_data/stims/Shape_0.70_4.00.png,0.0,-0.2143740921534094,input_data/stims/Shape_0.00_4.00.png,input_data/stims/Shape_4.00_4.00.png
4,2,0.0,127,0.7,-0.3,4.0,pen,rew,rew_pen,0.3,input_data/stims/Shape_0.70_4.00.png,0.0,0.3779825965817868,input_data/stims/Shape_4.00_4.00.png,input_data/stims/Shape_0.00_4.00.png
4,2,0.0,128,0.9,-0.2,4.0,pen,rew,pen_rew,-0.2,input_data/stims/Shape_0.90_4.00.png,0.0,-0.15638013786059732,input_data/stims/Shape_0.00_4.00.png,input_data/stims/Shape_4.00_4.00.png
4,2,0.0,129,0.9,-0.2,4.0,pen,rew,rew_pen,0.2,input_data/stims/Shape_0.90_4.00.png,0.0,0.36406844544457057,input_data/stims/Shape_4.00_4.00.png,input_data/stims/Shape_0.00_4.00.png
4,2,0.0,130,1.1,-0.2,4.0,pen,rew,pen_rew,-0.2,input_data/stims/Shape_1.10_4.00.png,0.0,-0.1067461098854493,input_data/stims/Shape_0.00_4.00.png,input_data/stims/Shape_4.00_4.00.png
4,2,0.0,131,1.1,-0.2,4.0,pen,rew,rew_pen,0.2,input_data/stims/Shape_1.10_4.00.png,0.0,0.35790241503420295,input_data/stims/Shape_4.00_4.00.png,input_data/stims/Shape_0.00_4.00.png
4,2,0.0,132,1.3,-0.1,4.0,pen,rew,pen_rew,-0.1,input_data/stims/Shape_1.30_4.00.png,0.0,-0.04614202433640047,input_data/stims/Shape_0.00_4.00.png,input_data/stims/Shape_4.00_4.00.png
4,2,0.0,133,1.3,-0.1,4.0,pen,rew,rew_pen,0.1,input_data/stims/Shape_1.30_4.00.png,0.0,0.2303339620696544,input_data/stims/Shape_4.00_4.00.png,input_data/stims/Shape_0.00_4.00.png
4,2,0.0,134,1.5,-0.1,4.0,pen,rew,pen_rew,-0.1,input_data/stims/Shape_1.50_4.00.png,0.0,-0.32355485468443906,input_data/stims/Shape_0.00_4.00.png,input_data/stims/Shape_4.00_4.00.png
4,2,0.0,135,1.5,-0.1,4.0,pen,rew,rew_pen,0.1,input_data/stims/Shape_1.50_4.00.png,0.0,0.1978865503771471,input_data/stims/Shape_4.00_4.00.png,input_data/stims/Shape_0.00_4.00.png
4,2,0.0,136,1.7,-0.1,4.0,pen,rew,pen_rew,-0.1,input_data/stims/Shape_1.70_4.00.png,0.0,-0.1656928519628756,input_data/stims/Shape_0.00_4.00.png,input_data/stims/Shape_4.00_4.00.png
4,2,0.0,137,1.7,-0.1,4.0,pen,rew,rew_pen,0.1,input_data/stims/Shape_1.70_4.00.png,0.0,0.21822901190991295,input_data/stims/Shape_4.00_4.00.png,input_data/stims/Shape_0.00_4.00.png
4,2,0.0,138,1.9,-0.0,4.0,pen,rew,pen_rew,-0.0,input_data/stims/Shape_1.90_4.00.png,0.0,-0.06065053920358393,input_data/stims/Shape_0.00_4.00.png,input_data/stims/Shape_4.00_4.00.png
4,2,0.0,139,1.9,-0.0,4.0,pen,rew,rew_pen,0.0,input_data/stims/Shape_1.90_4.00.png,0.0,0.19087486608508245,input_data/stims/Shape_4.00_4.00.png,input_data/stims/Shape_0.00_4.00.png
4,2,0.0,140,2.1,0.0,0.0,pen,rew,pen_rew,0.0,input_data/stims/Shape_2.10_0.00.png,0.0,0.15016780126845394,input_data/stims/Shape_0.00_0.00.png,input_data/stims/Shape_4.00_0.00.png
4,2,0.0,141,2.1,0.0,0.0,pen,rew,rew_pen,-0.0,input_data/stims/Shape_2.10_0.00.png,0.0,-0.2592572708575059,input_data/stims/Shape_4.00_0.00.png,input_data/stims/Shape_0.00_0.00.png
4,2,0.0,142,2.3,0.1,0.0,rew,pen,pen_rew,0.1,input_data/stims/Shape_2.30_0.00.png,0.0,0.2996070864775596,input_data/stims/Shape_0.00_0.00.png,input_data/stims/Shape_4.00_0.00.png
4,2,0.0,143,2.3,0.1,0.0,rew,pen,rew_pen,-0.1,input_data/stims/Shape_2.30_0.00.png,0.0,-0.383685112434571,input_data/stims/Shape_4.00_0.00.png,input_data/stims/Shape_0.00_0.00.png
4,2,0.0,144,2.5,0.1,0.0,rew,pen,pen_rew,0.1,input_data/stims/Shape_2.50_0.00.png,0.0,0.389319323148405,input_data/stims/Shape_0.00_0.00.png,input_data/stims/Shape_4.00_0.00.png
4,2,0.0,145,2.5,0.1,0.0,rew,pen,rew_pen,-0.1,input_data/stims/Shape_2.50_0.00.png,0.0,-0.38127674687326196,input_data/stims/Shape_4.00_0.00.png,input_data/stims/Shape_0.00_0.00.png
4,2,0.0,146,2.7,0.1,0.0,rew,pen,pen_rew,0.1,input_data/stims/Shape_2.70_0.00.png,0.0,0.04745838780920142,input_data/stims/Shape_0.00_0.00.png,input_data/stims/Shape_4.00_0.00.png
4,2,0.0,147,2.7,0.1,0.0,rew,pen,rew_pen,-0.1,input_data/stims/Shape_2.70_0.00.png,0.0,-0.16204835355295813,input_data/stims/Shape_4.00_0.00.png,input_data/stims/Shape_0.00_0.00.png
4,2,0.0,148,2.9,0.2,0.0,rew,pen,pen_rew,0.2,input_data/stims/Shape_2.90_0.00.png,0.0,0.03446086158124522,input_data/stims/Shape_0.00_0.00.png,input_data/stims/Shape_4.00_0.00.png
4,2,0.0,149,2.9,0.2,0.0,rew,pen,rew_pen,-0.2,input_data/stims/Shape_2.90_0.00.png,0.0,-0.2149127980547002,input_data/stims/Shape_4.00_0.00.png,input_data/stims/Shape_0.00_0.00.png
4,2,0.0,150,3.1,0.2,0.0,rew,pen,pen_rew,0.2,input_data/stims/Shape_3.10_0.00.png,0.0,0.060576826024660906,input_data/stims/Shape_0.00_0.00.png,input_data/stims/Shape_4.00_0.00.png
4,2,0.0,151,3.1,0.2,0.0,rew,pen,rew_pen,-0.2,input_data/stims/Shape_3.10_0.00.png,0.0,-0.35091297870586724,input_data/stims/Shape_4.00_0.00.png,input_data/stims/Shape_0.00_0.00.png
4,2,0.0,152,3.3,0.3,0.0,rew,pen,pen_rew,0.3,input_data/stims/Shape_3.30_0.00.png,0.0,0.3690841612506972,input_data/stims/Shape_0.00_0.00.png,input_data/stims/Shape_4.00_0.00.png
4,2,0.0,153,3.3,0.3,0.0,rew,pen,rew_pen,-0.3,input_data/stims/Shape_3.30_0.00.png,0.0,-0.06043668887930609,input_data/stims/Shape_4.00_0.00.png,input_data/stims/Shape_0.00_0.00.png
4,2,0.0,154,3.5,0.3,0.0,rew,pen,pen_rew,0.3,input_data/stims/Shape_3.50_0.00.png,0.0,0.2034520406114998,input_data/stims/Shape_0.00_0.00.png,input_data/stims/Shape_4.00_0.00.png
4,2,0.0,155,3.5,0.3,0.0,rew,pen,rew_pen,-0.3,input_data/stims/Shape_3.50_0.00.png,0.0,-0.11404119560736836,input_data/stims/Shape_4.00_0.00.png,input_data/stims/Shape_0.00_0.00.png
4,2,0.0,156,3.7,0.3,0.0,rew,pen,pen_rew,0.3,input_data/stims/Shape_3.70_0.00.png,0.0,0.14895764873922346,input_data/stims/Shape_0.00_0.00.png,input_data/stims/Shape_4.00_0.00.png
4,2,0.0,157,3.7,0.3,0.0,rew,pen,rew_pen,-0.3,input_data/stims/Shape_3.70_0.00.png,0.0,-0.2703589955592671,input_data/stims/Shape_4.00_0.00.png,input_data/stims/Shape_0.00_0.00.png
4,2,0.0,158,3.9,0.4,0.0,rew,pen,pen_rew,0.4,input_data/stims/Shape_3.90_0.00.png,0.0,0.26831503950385466,input_data/stims/Shape_0.00_0.00.png,input_data/stims/Shape_4.00_0.00.png
4,2,0.0,159,3.9,0.4,0.0,rew,pen,rew_pen,-0.4,input_data/stims/Shape_3.90_0.00.png,0.0,-0.002025201000895205,input_data/stims/Shape_4.00_0.00.png,input_data/stims/Shape_0.00_0.00.png
5,2,-0.2,160,0.1,-0.4,4.0,pen,rew,pen_rew,-0.4,input_data/stims/Shape_0.10_4.00.png,-0.2,-0.2157434259411819,input_data/stims/Shape_0.00_4.00.png,input_data/stims/Shape_4.00_4.00.png
5,2,-0.2,161,0.1,-0.4,4.0,pen,rew,rew_pen,0.4,input_data/stims/Shape_0.10_4.00.png,0.2,-0.10902572758741377,input_data/stims/Shape_4.00_4.00.png,input_data/stims/Shape_0.00_4.00.png
5,2,-0.2,162,0.1,-0.4,4.0,pen,rew,pen_rew,-0.4,input_data/stims/Shape_0.10_4.00.png,-0.2,-0.3141898947308284,input_data/stims/Shape_0.00_4.00.png,input_data/stims/Shape_4.00_4.00.png
5,2,-0.2,163,0.1,-0.4,4.0,pen,rew,rew_pen,0.4,input_data/stims/Shape_0.10_4.00.png,0.2,-0.16823421653087423,input_data/stims/Shape_4.00_4.00.png,input_data/stims/Shape_0.00_4.00.png
5,2,-0.2,164,0.3,-0.3,4.0,pen,rew,pen_rew,-0.3,input_data/stims/Shape_0.30_4.00.png,-0.2,-0.220969122066567,input_data/stims/Shape_0.00_4.00.png,input_data/stims/Shape_4.00_4.00.png
5,2,-0.2,165,0.3,-0.3,4.0,pen,rew,rew_pen,0.3,input_data/stims/Shape_0.30_4.00.png,0.2,0.1956286526560721,input_data/stims/Shape_4.00_4.00.png,input_data/stims/Shape_0.00_4.00.png
5,2,-0.2,166,0.3,-0.3,4.0,pen,rew,pen_rew,-0.3,input_data/stims/Shape_0.30_4.00.png,-0.2,-0.285938735787492,input_data/stims/Shape_0.00_4.00.png,input_data/stims/Shape_4.00_4.00.png
5,2,-0.2,167,0.3,-0.3,4.0,pen,rew,rew_pen,0.3,input_data/stims/Shape_0.30_4.00.png,0.2,0.19279022807332635,input_data/stims/Shape_4.00_4.00.png,input_data/stims/Shape_0.00_4.00.png
5,2,-0.2,168,0.5,-0.3,4.0,pen,rew,pen_rew,-0.3,input_data/stims/Shape_0.50_4.00.png,-0.2,-0.3203660943702374,input_data/stims/Shape_0.00_4.00.png,input_data/stims/Shape_4.00_4.00.png
5,2,-0.2,169,0.5,-0.3,4.0,pen,rew,rew_pen,0.3,input_data/stims/Shape_0.50_4.00.png,0.2,0.09870711054405329,input_data/stims/Shape_4.00_4.00.png,input_data/stims/Shape_0.00_4.00.png
5,2,-0.2,170,0.5,-0.3,4.0,pen,rew,pen_rew,-0.3,input_data/stims/Shape_0.50_4.00.png,-0.2,-0.27254841063552876,input_data/stims/Shape_0.00_4.00.png,input_data/stims/Shape_4.00_4.00.png
5,2,-0.2,171,0.5,-0.3,4.0,pen,rew,rew_pen,0.3,input_data/stims/Shape_0.50_4.00.png,0.2,0.3980656514089737,input_data/stims/Shape_4.00_4.00.png,input_data/stims/Shape_0.00_4.00.png
5,2,-0.2,172,0.7,-0.3,4.0,pen,rew,pen_rew,-0.3,input_data/stims/Shape_0.70_4.00.png,-0.2,-0.2187492507133771,input_data/stims/Shape_0.00_4.00.png,input_data/stims/Shape_4.00_4.00.png
5,2,-0.2,173,0.7,-0.3,4.0,pen,rew,rew_pen,0.3,input_data/stims/Shape_0.70_4.00.png,0.2,-0.14167752899042307,input_data/stims/Shape_4.00_4.00.png,input_data/stims/Shape_0.00_4.00.png
5,2,-0.2,174,0.7,-0.3,4.0,pen,rew,pen_rew,-0.3,input_data/stims/Shape_0.70_4.00.png,-0.2,-0.23708875788828773,input_data/stims/Shape_0.00_4.00.png,input_data/stims/Shape_4.00_4.00.png
5,2,-0.2,175,0.7,-0.3,4.0,pen,rew,rew_pen,0.3,input_data/stims/Shape_0.70_4.00.png,0.2,0.0713594950895729,input_data/stims/Shape_4.00_4.00.png,input_data/stims/Shape_0.00_4.00.png
5,2,-0.2,176,0.9,-0.2,4.0,pen,rew,pen_rew,-0.2,input_data/stims/Shape_0.90_4.00.png,-0.2,-0.351352917080036,input_data/stims/Shape_0.00_4.00.png,input_data/stims/Shape_4.00_4.00.png
5,2,-0.2,177,0.9,-0.2,4.0,pen,rew,rew_pen,0.2,input_data/stims/Shape_0.90_4.00.png,0.2,-0.06972389784870794,input_data/stims/Shape_4.00_4.00.png,input_data/stims/Shape_0.00_4.00.png
5,2,-0.2,178,0.9,-0.2,4.0,pen,rew,pen_rew,-0.2,input_data/stims/Shape_0.90_4.00.png,-0.2,-0.22032083550655487,input_data/stims/Shape_0.00_4.00.png,input_data/stims/Shape_4.00_4.00.png
5,2,-0.2,179,0.9,-0.2,4.0,pen,rew,rew_pen,0.2,input_data/stims/Shape_0.90_4.00.png,0.2,0.1257800649404584,input_data/stims/Shape_4.00_4.00.png,input_data/stims/Shape_0.00_4.00.png
5,2,-0.2,180,1.1,-0.2,0.0,pen,rew,pen_rew,-0.2,input_data/stims/Shape_1.10_0.00.png,-0.2,0.2152435190198217,input_data/stims/Shape_0.00_0.00.png,input_data/stims/Shape_4.00_0.00.png
5,2,-0.2,181,1.1,-0.2,0.0,pen,rew,rew_pen,0.2,input_data/stims/Shape_1.10_0.00.png,0.2,-0.33489785744994727,input_data/stims/Shape_4.00_0.00.png,input_data/stims/Shape_0.00_0.00.png
5,2,-0.2,182,1.3,-0.1,0.0,rew,pen,pen_rew,-0.1,input_data/stims/Shape_1.30_0.00.png,-0.2,0.3548908341475066,input_data/stims/Shape_0.00_0.00.png,input_data/stims/Shape_4.00_0.00.png
5,2,-0.2,183,1.3,-0.1,0.0,rew,pen,rew_pen,0.1,input_data/stims/Shape_1.30_0.00.png,0.2,-0.34689990170243656,input_data/stims/Shape_4.00_0.00.png,input_data/stims/Shape_0.00_0.00.png
5,2,-0.2,184,1.5,-0.1,0.0,rew,pen,pen_rew,-0.1,input_data/stims/Shape_1.50_0.00.png,-0.2,0.24844998379154404,input_data/stims/Shape_0.00_0.00.png,input_data/stims/Shape_4.00_0.00.png
5,2,-0.2,185,1.5,-0.1,0.0,rew,pen,rew_pen,0.1,input_data/stims/Shape_1.50_0.00.png,0.2,-0.3824366503842187,input_data/stims/Shape_4.00_0.00.png,input_data/stims/Shape_0.00_0.00.png
5,2,-0.2,186,1.7,-0.1,0.0,rew,pen,pen_rew,-0.1,input_data/stims/Shape_1.70_0.00.png,-0.2,0.010937893213707695,input_data/stims/Shape_0.00_0.00.png,input_data/stims/Shape_4.00_0.00.png
5,2,-0.2,187,1.7,-0.1,0.0,rew,pen,rew_pen,0.1,input_data/stims/Shape_1.70_0.00.png,0.2,-0.290634074477986,input_data/stims/Shape_4.00_0.00.png,input_data/stims/Shape_0.00_0.00.png
5,2,-0.2,188,1.9,-0.0,0.0,rew,pen,pen_rew,-0.0,input_data/stims/Shape_1.90_0.00.png,-0.2,-0.057977157747242825,input_data/stims/Shape_0.00_0.00.png,input_data/stims/Shape_4.00_0.00.png
5,2,-0.2,189,1.9,-0.0,0.0,rew,pen,rew_pen,0.0,input_data/stims/Shape_1.90_0.00.png,0.2,-0.28946051091867886,input_data/stims/Shape_4.00_0.00.png,input_data/stims/Shape_0.00_0.00.png
5,2,-0.2,190,2.1,0.0,0.0,rew,pen,pen_rew,0.0,input_data/stims/Shape_2.10_0.00.png,-0.2,-0.09961151431947594,input_data/stims/Shape_0.00_0.00.png,input_data/stims/Shape_4.00_0.00.png
5,2,-0.2,191,2.1,0.0,0.0,rew,pen,rew_pen,-0.0,input_data/stims/Shape_2.10_0.00.png,0.2,-0.21433939033823157,input_data/stims/Shape_4.00_0.00.png,input_data/stims/Shape_0.00_0.00.png
5,2,-0.2,192,2.3,0.1,0.0,rew,pen,pen_rew,0.1,input_data/stims/Shape_2.30_0.00.png,-0.2,0.30624703286516525,input_data/stims/Shape_0.00_0.00.png,input_data/stims/Shape_4.00_0.00.png
5,2,-0.2,193,2.3,0.1,0.0,rew,pen,rew_pen,-0.1,input_data/stims/Shape_2.30_0.00.png,0.2,-0.23559028179613825,input_data/stims/Shape_4.00_0.00.png,input_data/stims/Shape_0.00_0.00.png
5,2,-0.2,194,2.5,0.1,0.0,rew,pen,pen_rew,0.1,input_data/stims/Shape_2.50_0.00.png,-0.2,-0.12357126167279846,input_data/stims/Shape_0.00_0.00.png,input_data/stims/Shape_4.00_0.00.png
5,2,-0.2,195,2.5,0.1,0.0,rew,pen,rew_pen,-0.1,input_data/stims/Shape_2.50_0.00.png,0.2,-0.39383315226610893,input_data/stims/Shape_4.00_0.00.png,input_data/stims/Shape_0.00_0.00.png
5,2,-0.2,196,2.7,0.1,0.0,rew,pen,pen_rew,0.1,input_data/stims/Shape_2.70_0.00.png,-0.2,-0.08250683027944691,input_data/stims/Shape_0.00_0.00.png,input_data/stims/Shape_4.00_0.00.png
5,2,-0.2,197,2.7,0.1,0.0,rew,pen,rew_pen,-0.1,input_data/stims/Shape_2.70_0.00.png,0.2,-0.3508671189707105,input_data/stims/Shape_4.00_0.00.png,input_data/stims/Shape_0.00_0.00.png
5,2,-0.2,198,2.9,0.2,0.0,rew,pen,pen_rew,0.2,input_data/stims/Shape_2.90_0.00.png,-0.2,-0.14547034753520136,input_data/stims/Shape_0.00_0.00.png,input_data/stims/Shape_4.00_0.00.png
5,2,-0.2,199,2.9,0.2,0.0,rew,pen,rew_pen,-0.2,input_data/stims/Shape_2.90_0.00.png,0.2,-0.3306592522429309,input_data/stims/Shape_4.00_0.00.png,input_data/stims/Shape_0.00_0.00.png
6,2,0.2,200,1.1,-0.2,4.0,pen,rew,pen_rew,-0.2,input_data/stims/Shape_1.10_4.00.png,0.2,-0.16299064303381824,input_data/stims/Shape_0.00_4.00.png,input_data/stims/Shape_4.00_4.00.png
6,2,0.2,201,1.1,-0.2,4.0,pen,rew,rew_pen,0.2,input_data/stims/Shape_1.10_4.00.png,-0.2,0.3454022000320862,input_data/stims/Shape_4.00_4.00.png,input_data/stims/Shape_0.00_4.00.png
6,2,0.2,202,1.3,-0.1,4.0,pen,rew,pen_rew,-0.1,input_data/stims/Shape_1.30_4.00.png,0.2,-0.35698571656291905,input_data/stims/Shape_0.00_4.00.png,input_data/stims/Shape_4.00_4.00.png
6,2,0.2,203,1.3,-0.1,4.0,pen,rew,rew_pen,0.1,input_data/stims/Shape_1.30_4.00.png,-0.2,0.26381951606734577,input_data/stims/Shape_4.00_4.00.png,input_data/stims/Shape_0.00_4.00.png
6,2,0.2,204,1.5,-0.1,4.0,pen,rew,pen_rew,-0.1,input_data/stims/Shape_1.50_4.00.png,0.2,-0.08585264448747859,input_data/stims/Shape_0.00_4.00.png,input_data/stims/Shape_4.00_4.00.png
6,2,0.2,205,1.5,-0.1,4.0,pen,rew,rew_pen,0.1,input_data/stims/Shape_1.50_4.00.png,-0.2,0.3127374169369803,input_data/stims/Shape_4.00_4.00.png,input_data/stims/Shape_0.00_4.00.png
6,2,0.2,206,1.7,-0.1,4.0,pen,rew,pen_rew,-0.1,input_data/stims/Shape_1.70_4.00.png,0.2,-0.3490794684870335,input_data/stims/Shape_0.00_4.00.png,input_data/stims/Shape_4.00_4.00.png
6,2,0.2,207,1.7,-0.1,4.0,pen,rew,rew_pen,0.1,input_data/stims/Shape_1.70_4.00.png,-0.2,0.24010510174931904,input_data/stims/Shape_4.00_4.00.png,input_data/stims/Shape_0.00_4.00.png
6,2,0.2,208,1.9,-0.0,4.0,pen,rew,pen_rew,-0.0,input_data/stims/Shape_1.90_4.00.png,0.2,-0.3826697956461908,input_data/stims/Shape_0.00_4.00.png,input_data/stims/Shape_4.00_4.00.png
6,2,0.2,209,1.9,-0.0,4.0,pen,rew,rew_pen,0.0,input_data/stims/Shape_1.90_4.00.png,-0.2,0.3051621410111997,input_data/stims/Shape_4.00_4.00.png,input_data/stims/Shape_0.00_4.00.png
6,2,0.2,210,2.1,0.0,4.0,pen,rew,pen_rew,0.0,input_data/stims/Shape_2.10_4.00.png,0.2,-0.35043679583525167,input_data/stims/Shape_0.00_4.00.png,input_data/stims/Shape_4.00_4.00.png
6,2,0.2,211,2.1,0.0,4.0,pen,rew,rew_pen,-0.0,input_data/stims/Shape_2.10_4.00.png,-0.2,0.35815299054227084,input_data/stims/Shape_4.00_4.00.png,input_data/stims/Shape_0.00_4.00.png
6,2,0.2,212,2.3,0.1,4.0,pen,rew,pen_rew,0.1,input_data/stims/Shape_2.30_4.00.png,0.2,-0.04303270693100142,input_data/stims/Shape_0.00_4.00.png,input_data/stims/Shape_4.00_4.00.png
6,2,0.2,213,2.3,0.1,4.0,pen,rew,rew_pen,-0.1,input_data/stims/Shape_2.30_4.00.png,-0.2,0.2693165179293965,input_data/stims/Shape_4.00_4.00.png,input_data/stims/Shape_0.00_4.00.png
6,2,0.2,214,2.5,0.1,4.0,pen,rew,pen_rew,0.1,input_data/stims/Shape_2.50_4.00.png,0.2,-0.24507004900017554,input_data/stims/Shape_0.00_4.00.png,input_data/stims/Shape_4.00_4.00.png
6,2,0.2,215,2.5,0.1,4.0,pen,rew,rew_pen,-0.1,input_data/stims/Shape_2.50_4.00.png,-0.2,0.31359544263826444,input_data/stims/Shape_4.00_4.00.png,input_data/stims/Shape_0.00_4.00.png
6,2,0.2,216,2.7,0.1,4.0,pen,rew,pen_rew,0.1,input_data/stims/Shape_2.70_4.00.png,0.2,-0.3158864083207198,input_data/stims/Shape_0.00_4.00.png,input_data/stims/Shape_4.00_4.00.png
6,2,0.2,217,2.7,0.1,4.0,pen,rew,rew_pen,-0.1,input_data/stims/Shape_2.70_4.00.png,-0.2,0.2453400689142713,input_data/stims/Shape_4.00_4.00.png,input_data/stims/Shape_0.00_4.00.png
6,2,0.2,218,2.9,0.2,4.0,pen,rew,pen_rew,0.2,input_data/stims/Shape_2.90_4.00.png,0.2,-0.39823504314882996,input_data/stims/Shape_0.00_4.00.png,input_data/stims/Shape_4.00_4.00.png
6,2,0.2,219,2.9,0.2,4.0,pen,rew,rew_pen,-0.2,input_data/stims/Shape_2.90_4.00.png,-0.2,0.22124078300073557,input_data/stims/Shape_4.00_4.00.png,input_data/stims/Shape_0.00_4.00.png
6,2,0.2,220,3.1,0.2,0.0,pen,rew,pen_rew,0.2,input_data/stims/Shape_3.10_0.00.png,0.2,0.3698178480860489,input_data/stims/Shape_0.00_0.00.png,input_data/stims/Shape_4.00_0.00.png
6,2,0.2,221,3.1,0.2,0.0,pen,rew,rew_pen,-0.2,input_data/stims/Shape_3.10_0.00.png,-0.2,-0.30859230055617515,input_data/stims/Shape_4.00_0.00.png,input_data/stims/Shape_0.00_0.00.png
6,2,0.2,222,3.1,0.2,0.0,pen,rew,pen_rew,0.2,input_data/stims/Shape_3.10_0.00.png,0.2,0.35468838404925246,input_data/stims/Shape_0.00_0.00.png,input_data/stims/Shape_4.00_0.00.png
6,2,0.2,223,3.1,0.2,0.0,pen,rew,rew_pen,-0.2,input_data/stims/Shape_3.10_0.00.png,-0.2,-0.0011590939104948461,input_data/stims/Shape_4.00_0.00.png,input_data/stims/Shape_0.00_0.00.png
6,2,0.2,224,3.3,0.3,0.0,rew,pen,pen_rew,0.3,input_data/stims/Shape_3.30_0.00.png,0.2,0.23733203529606328,input_data/stims/Shape_0.00_0.00.png,input_data/stims/Shape_4.00_0.00.png
6,2,0.2,225,3.3,0.3,0.0,rew,pen,rew_pen,-0.3,input_data/stims/Shape_3.30_0.00.png,-0.2,-0.13383177138302793,input_data/stims/Shape_4.00_0.00.png,input_data/stims/Shape_0.00_0.00.png
6,2,0.2,226,3.3,0.3,0.0,rew,pen,pen_rew,0.3,input_data/stims/Shape_3.30_0.00.png,0.2,0.396863984841933,input_data/stims/Shape_0.00_0.00.png,input_data/stims/Shape_4.00_0.00.png
6,2,0.2,227,3.3,0.3,0.0,rew,pen,rew_pen,-0.3,input_data/stims/Shape_3.30_0.00.png,-0.2,-0.3195873239033326,input_data/stims/Shape_4.00_0.00.png,input_data/stims/Shape_0.00_0.00.png
6,2,0.2,228,3.5,0.3,0.0,rew,pen,pen_rew,0.3,input_data/stims/Shape_3.50_0.00.png,0.2,0.22186188132928422,input_data/stims/Shape_0.00_0.00.png,input_data/stims/Shape_4.00_0.00.png
6,2,0.2,229,3.5,0.3,0.0,rew,pen,rew_pen,-0.3,input_data/stims/Shape_3.50_0.00.png,-0.2,-0.13452488741173868,input_data/stims/Shape_4.00_0.00.png,input_data/stims/Shape_0.00_0.00.png
6,2,0.2,230,3.5,0.3,0.0,rew,pen,pen_rew,0.3,input_data/stims/Shape_3.50_0.00.png,0.2,0.37787877831462163,input_data/stims/Shape_0.00_0.00.png,input_data/stims/Shape_4.00_0.00.png
6,2,0.2,231,3.5,0.3,0.0,rew,pen,rew_pen,-0.3,input_data/stims/Shape_3.50_0.00.png,-0.2,-0.17784611574830878,input_data/stims/Shape_4.00_0.00.png,input_data/stims/Shape_0.00_0.00.png
6,2,0.2,232,3.7,0.3,0.0,rew,pen,pen_rew,0.3,input_data/stims/Shape_3.70_0.00.png,0.2,0.38496522347601514,input_data/stims/Shape_0.00_0.00.png,input_data/stims/Shape_4.00_0.00.png
6,2,0.2,233,3.7,0.3,0.0,rew,pen,rew_pen,-0.3,input_data/stims/Shape_3.70_0.00.png,-0.2,-0.18451188815819033,input_data/stims/Shape_4.00_0.00.png,input_data/stims/Shape_0.00_0.00.png
6,2,0.2,234,3.7,0.3,0.0,rew,pen,pen_rew,0.3,input_data/stims/Shape_3.70_0.00.png,0.2,0.3777349744434545,input_data/stims/Shape_0.00_0.00.png,input_data/stims/Shape_4.00_0.00.png
6,2,0.2,235,3.7,0.3,0.0,rew,pen,rew_pen,-0.3,input_data/stims/Shape_3.70_0.00.png,-0.2,0.11231161496388908,input_data/stims/Shape_4.00_0.00.png,input_data/stims/Shape_0.00_0.00.png
6,2,0.2,236,3.9,0.4,0.0,rew,pen,pen_rew,0.4,input_data/stims/Shape_3.90_0.00.png,0.2,0.27435028911037257,input_data/stims/Shape_0.00_0.00.png,input_data/stims/Shape_4.00_0.00.png
6,2,0.2,237,3.9,0.4,0.0,rew,pen,rew_pen,-0.4,input_data/stims/Shape_3.90_0.00.png,-0.2,-0.3389855521645642,input_data/stims/Shape_4.00_0.00.png,input_data/stims/Shape_0.00_0.00.png
6,2,0.2,238,3.9,0.4,0.0,rew,pen,pen_rew,0.4,input_data/stims/Shape_3.90_0.00.png,0.2,0.3120186371889111,input_data/stims/Shape_0.00_0.00.png,input_data/stims/Shape_4.00_0.00.png
6,2,0.2,239,3.9,0.4,0.0,rew,pen,rew_pen,-0.4,input_data/stims/Shape_3.90_0.00.png,-0.2,-0.11542362447495191,input_data/stims/Shape_4.00_0.00.png,input_data/stims/Shape_0.00_0.00.png
